datetime,TG,SQ,DR,RH,EV24
2017-12-13 00:00:00+00:00,51.0,0.0,100.0,0.0145,0.0001
2017-12-15 00:00:00+00:00,30.0,8.0,24.0,0.0021,0.0002
2017-12-16 00:00:00+00:00,35.0,19.0,35.0,0.0047,0.0002
2017-12-17 00:00:00+00:00,39.0,40.0,70.0,0.0054,0.0004
2017-12-18 00:00:00+00:00,58.0,63.0,9.0,0.0006,0.0005
2017-12-19 00:00:00+00:00,43.0,28.0,0.0,0.0,0.0003
2017-12-20 00:00:00+00:00,74.0,0.0,13.0,0.0003,0.0001
2017-12-21 00:00:00+00:00,84.0,0.0,53.0,0.0018,0.0001
2017-12-22 00:00:00+00:00,87.0,0.0,20.0,0.0005,0.0001
2017-12-23 00:00:00+00:00,89.0,0.0,0.0,0.0,0.0001
2017-12-24 00:00:00+00:00,87.0,3.0,5.0,0.0001,0.0002
2017-12-25 00:00:00+00:00,74.0,0.0,5.0,0.0001,0.0001
2017-12-26 00:00:00+00:00,61.0,49.0,35.0,0.0021,0.0004
2017-12-27 00:00:00+00:00,57.0,19.0,57.0,0.0033,0.0003
2017-12-28 00:00:00+00:00,36.0,60.0,6.0,0.0008,0.0004
2017-12-29 00:00:00+00:00,34.0,2.0,38.0,0.0043,0.0001
2017-12-30 00:00:00+00:00,95.0,0.0,58.0,0.0054,0.0002
2017-12-31 00:00:00+00:00,108.0,5.0,161.0,0.0214,0.0001
2018-01-01 00:00:00+00:00,66.0,18.0,83.0,0.0094,0.0003
2018-01-02 00:00:00+00:00,71.0,9.0,96.0,0.0067,0.0002
2018-01-03 00:00:00+00:00,89.0,4.0,24.0,0.0055,0.0002
2018-01-04 00:00:00+00:00,84.0,7.0,17.0,0.0004,0.0002
2018-01-05 00:00:00+00:00,69.0,2.0,32.0,0.0052,0.0002
2018-01-06 00:00:00+00:00,51.0,5.0,0.0,0.0,0.0002
2018-01-07 00:00:00+00:00,21.0,50.0,0.0,0.0,0.0005
2018-01-08 00:00:00+00:00,22.0,0.0,0.0,0.0,0.0001
2018-01-09 00:00:00+00:00,35.0,0.0,3.0,0.0001,0.0002
2018-01-10 00:00:00+00:00,71.0,6.0,60.0,0.003,0.0002
2018-01-11 00:00:00+00:00,41.0,3.0,0.0,0.0,0.0002
2018-01-12 00:00:00+00:00,57.0,0.0,0.0,0.0,0.0001
2018-01-13 00:00:00+00:00,46.0,2.0,0.0,0.0,0.0002
2018-01-14 00:00:00+00:00,35.0,62.0,0.0,0.0,0.0005
2018-01-15 00:00:00+00:00,56.0,0.0,93.0,0.0125,0.0001
2018-01-16 00:00:00+00:00,61.0,29.0,10.0,0.0011,0.0004
2018-01-17 00:00:00+00:00,51.0,32.0,24.0,0.0011,0.0004
2018-01-18 00:00:00+00:00,60.0,21.0,48.0,0.0069,0.0004
2018-01-19 00:00:00+00:00,42.0,56.0,15.0,0.0015,0.0006
2018-01-20 00:00:00+00:00,29.0,0.0,55.0,0.0034,0.0002
2018-01-21 00:00:00+00:00,32.0,28.0,54.0,0.0037,0.0004
2018-01-22 00:00:00+00:00,70.0,22.0,28.0,0.0011,0.0004
2018-01-23 00:00:00+00:00,84.0,12.0,23.0,0.0008,0.0004
2018-01-24 00:00:00+00:00,116.0,6.0,36.0,0.0031,0.0003
2018-01-25 00:00:00+00:00,74.0,7.0,9.0,0.0009,0.0004
2018-01-26 00:00:00+00:00,53.0,5.0,0.0,0.0,0.0003
2018-01-27 00:00:00+00:00,58.0,26.0,34.0,0.0012,0.0005
2018-01-28 00:00:00+00:00,97.0,5.0,0.0,0.0,0.0004
2018-01-29 00:00:00+00:00,89.0,2.0,16.0,0.0018,0.0002
2018-01-30 00:00:00+00:00,48.0,65.0,0.0,0.0,0.0008
2018-01-31 00:00:00+00:00,72.0,5.0,90.0,0.0057,0.0002
2018-02-01 00:00:00+00:00,39.0,47.0,83.0,0.0071,0.0006
2018-02-02 00:00:00+00:00,46.0,33.0,54.0,0.0091,0.0005
2018-02-03 00:00:00+00:00,26.0,0.0,53.0,0.0055,0.0001
2018-02-04 00:00:00+00:00,24.0,48.0,0.0,0.0,0.0006
2018-02-05 00:00:00+00:00,18.0,83.0,10.0,0.0006,0.0009
2018-02-06 00:00:00+00:00,-5.0,68.0,0.0,0.0,0.0007
2018-02-07 00:00:00+00:00,-5.0,87.0,0.0,0.0,0.0009
2018-02-08 00:00:00+00:00,19.0,54.0,0.0,0.0,0.0007
2018-02-09 00:00:00+00:00,9.0,3.0,71.0,0.0031,0.0003
2018-02-10 00:00:00+00:00,43.0,78.0,62.0,0.0033,0.001
2018-02-11 00:00:00+00:00,48.0,39.0,46.0,0.0029,0.0006
2018-02-12 00:00:00+00:00,32.0,70.0,0.0,0.0,0.0008
2018-02-13 00:00:00+00:00,29.0,90.0,0.0,0.0,0.001
2018-02-14 00:00:00+00:00,30.0,73.0,17.0,0.0012,0.001
2018-02-15 00:00:00+00:00,55.0,36.0,55.0,0.0053,0.0006
2018-02-16 00:00:00+00:00,36.0,87.0,0.0,0.0,0.001
2018-02-17 00:00:00+00:00,28.0,66.0,0.0,0.0,0.001
2018-02-18 00:00:00+00:00,31.0,93.0,0.0,0.0,0.0012
2018-02-19 00:00:00+00:00,26.0,0.0,44.0,0.0009,0.0004
2018-02-20 00:00:00+00:00,31.0,14.0,0.0,0.0,0.0006
2018-02-21 00:00:00+00:00,20.0,92.0,0.0,0.0,0.0011
2018-02-22 00:00:00+00:00,14.0,94.0,0.0,0.0,0.0012
2018-02-23 00:00:00+00:00,4.0,94.0,0.0,0.0,0.0012
2018-02-24 00:00:00+00:00,2.0,97.0,0.0,0.0,0.0012
2018-02-25 00:00:00+00:00,-13.0,97.0,0.0,0.0,0.0012
2018-02-26 00:00:00+00:00,-24.0,93.0,0.0,0.0,0.0011
2018-02-27 00:00:00+00:00,-24.0,94.0,0.0,0.0,0.0012
2018-02-28 00:00:00+00:00,-49.0,100.0,0.0,0.0,0.001
2018-03-01 00:00:00+00:00,-33.0,33.0,0.0,0.0,0.0005
2018-03-02 00:00:00+00:00,-31.0,0.0,52.0,0.0021,0.0003
2018-03-03 00:00:00+00:00,-4.0,67.0,24.0,0.0006,0.0011
2018-03-04 00:00:00+00:00,48.0,51.0,56.0,0.0071,0.001
2018-03-05 00:00:00+00:00,61.0,80.0,0.0,0.0,0.0015
2018-03-06 00:00:00+00:00,64.0,21.0,0.0,0.0,0.0009
2018-03-07 00:00:00+00:00,48.0,8.0,32.0,0.0028,0.0005
2018-03-08 00:00:00+00:00,51.0,37.0,38.0,0.0067,0.0008
2018-03-09 00:00:00+00:00,66.0,18.0,68.0,0.0047,0.001
2018-03-10 00:00:00+00:00,113.0,2.0,40.0,0.0026,0.0008
2018-03-11 00:00:00+00:00,104.0,36.0,57.0,0.0165,0.0012
2018-03-12 00:00:00+00:00,99.0,29.0,39.0,0.0031,0.0011
2018-03-13 00:00:00+00:00,54.0,2.0,85.0,0.0062,0.0005
2018-03-14 00:00:00+00:00,73.0,88.0,0.0,0.0,0.0018
2018-03-15 00:00:00+00:00,71.0,6.0,99.0,0.0085,0.0005
2018-03-16 00:00:00+00:00,59.0,9.0,12.0,0.0005,0.0008
2018-03-17 00:00:00+00:00,-14.0,1.0,72.0,0.002,0.0005
2018-03-18 00:00:00+00:00,-10.0,15.0,0.0,0.0,0.0009
2018-03-19 00:00:00+00:00,2.0,107.0,0.0,0.0,0.0017
2018-03-20 00:00:00+00:00,36.0,96.0,2.0,0.0001,0.002
2018-03-21 00:00:00+00:00,34.0,73.0,0.0,0.0,0.0015
2018-03-22 00:00:00+00:00,59.0,0.0,72.0,0.0074,0.0004
2018-03-23 00:00:00+00:00,57.0,11.0,0.0,0.0,0.0008
2018-03-24 00:00:00+00:00,69.0,69.0,0.0,0.0,0.0018
2018-03-25 00:00:00+00:00,55.0,6.0,0.0,0.0,0.0012
2018-03-26 00:00:00+00:00,50.0,73.0,0.0,0.0,0.0018
2018-03-27 00:00:00+00:00,62.0,0.0,61.0,0.0025,0.0006
2018-03-28 00:00:00+00:00,56.0,3.0,78.0,0.0092,0.0004
2018-03-29 00:00:00+00:00,70.0,64.0,16.0,0.0008,0.0019
2018-03-30 00:00:00+00:00,81.0,23.0,29.0,0.0035,0.0013
2018-03-31 00:00:00+00:00,72.0,35.0,9.0,0.0015,0.0014
2018-04-01 00:00:00+00:00,55.0,24.0,18.0,0.0007,0.0008
2018-04-02 00:00:00+00:00,91.0,14.0,70.0,0.0029,0.0012
2018-04-03 00:00:00+00:00,120.0,49.0,42.0,0.0142,0.0019
2018-04-04 00:00:00+00:00,104.0,51.0,14.0,0.0016,0.0016
2018-04-05 00:00:00+00:00,65.0,49.0,26.0,0.0024,0.0016
2018-04-06 00:00:00+00:00,94.0,115.0,0.0,0.0,0.0028
2018-04-07 00:00:00+00:00,141.0,86.0,0.0,0.0,0.0029
2018-04-08 00:00:00+00:00,115.0,57.0,3.0,0.0001,0.0021
2018-04-09 00:00:00+00:00,106.0,16.0,6.0,0.0005,0.0017
2018-04-10 00:00:00+00:00,144.0,79.0,22.0,0.0114,0.0026
2018-04-11 00:00:00+00:00,113.0,12.0,23.0,0.0043,0.0011
2018-04-12 00:00:00+00:00,103.0,16.0,0.0,0.0,0.001
2018-04-13 00:00:00+00:00,102.0,24.0,0.0,0.0,0.0016
2018-04-14 00:00:00+00:00,107.0,67.0,36.0,0.0091,0.0025
2018-04-15 00:00:00+00:00,133.0,29.0,31.0,0.0021,0.0019
2018-04-16 00:00:00+00:00,111.0,82.0,0.0,0.0,0.0027
2018-04-17 00:00:00+00:00,145.0,120.0,0.0,0.0,0.0036
2018-04-18 00:00:00+00:00,178.0,129.0,0.0,0.0,0.0039
2018-04-19 00:00:00+00:00,195.0,131.0,0.0,0.0,0.0041
2018-04-20 00:00:00+00:00,162.0,130.0,0.0,0.0,0.0039
2018-04-21 00:00:00+00:00,159.0,130.0,0.0,0.0,0.0038
2018-04-22 00:00:00+00:00,175.0,106.0,8.0,0.0024,0.0033
2018-04-23 00:00:00+00:00,122.0,105.0,0.0,0.0,0.0033
2018-04-24 00:00:00+00:00,130.0,12.0,0.0,0.0,0.0017
2018-04-25 00:00:00+00:00,118.0,77.0,11.0,0.0008,0.0028
2018-04-26 00:00:00+00:00,108.0,98.0,0.0,0.0,0.0031
2018-04-27 00:00:00+00:00,116.0,14.0,4.0,0.0003,0.0017
2018-04-28 00:00:00+00:00,112.0,9.0,8.0,0.0005,0.0013
2018-04-29 00:00:00+00:00,97.0,0.0,92.0,0.0107,0.0006
2018-04-30 00:00:00+00:00,91.0,0.0,181.0,0.0297,0.0005
2018-05-01 00:00:00+00:00,90.0,103.0,35.0,0.0059,0.0032
2018-05-02 00:00:00+00:00,109.0,94.0,8.0,0.0009,0.0034
2018-05-03 00:00:00+00:00,101.0,133.0,0.0,0.0,0.0039
2018-05-04 00:00:00+00:00,118.0,138.0,0.0,0.0,0.0041
2018-05-05 00:00:00+00:00,158.0,140.0,0.0,0.0,0.0045
2018-05-06 00:00:00+00:00,183.0,140.0,0.0,0.0,0.0048
2018-05-07 00:00:00+00:00,195.0,140.0,0.0,0.0,0.0049
2018-05-08 00:00:00+00:00,195.0,140.0,0.0,0.0,0.0048
2018-05-09 00:00:00+00:00,142.0,114.0,0.0,0.0,0.0039
2018-05-10 00:00:00+00:00,116.0,64.0,0.0,0.0,0.0028
2018-05-11 00:00:00+00:00,141.0,134.0,0.0,0.0,0.0041
2018-05-12 00:00:00+00:00,184.0,36.0,0.0,0.0,0.0033
2018-05-13 00:00:00+00:00,123.0,5.0,2.0,0.0004,0.0008
2018-05-14 00:00:00+00:00,120.0,1.0,0.0,0.0,0.0014
2018-05-15 00:00:00+00:00,173.0,140.0,0.0,0.0,0.0046
2018-05-16 00:00:00+00:00,128.0,19.0,0.0,0.0,0.0022
2018-05-17 00:00:00+00:00,109.0,109.0,0.0,0.0,0.0038
2018-05-18 00:00:00+00:00,105.0,34.0,0.0,0.0,0.0026
2018-05-19 00:00:00+00:00,102.0,20.0,0.0,0.0,0.0008
2018-05-20 00:00:00+00:00,150.0,114.0,6.0,0.0004,0.0043
2018-05-21 00:00:00+00:00,177.0,58.0,3.0,0.0005,0.0035
2018-05-22 00:00:00+00:00,179.0,88.0,0.0,0.0,0.0039
2018-05-23 00:00:00+00:00,184.0,58.0,26.0,0.0028,0.0031
2018-05-24 00:00:00+00:00,184.0,78.0,39.0,0.0509,0.0039
2018-05-25 00:00:00+00:00,163.0,85.0,0.0,0.0,0.004
2018-05-26 00:00:00+00:00,218.0,95.0,0.0,0.0,0.0045
2018-05-27 00:00:00+00:00,204.0,37.0,28.0,0.0075,0.0021
2018-05-28 00:00:00+00:00,219.0,124.0,0.0,0.0,0.0049
2018-05-29 00:00:00+00:00,203.0,62.0,12.0,0.0019,0.0035
2018-05-30 00:00:00+00:00,190.0,75.0,0.0,0.0,0.0035
2018-05-31 00:00:00+00:00,186.0,75.0,32.0,0.0198,0.0032
2018-06-01 00:00:00+00:00,158.0,1.0,11.0,0.0003,0.0011
2018-06-02 00:00:00+00:00,161.0,22.0,0.0,0.0,0.0014
2018-06-03 00:00:00+00:00,177.0,128.0,0.0,0.0,0.0048
2018-06-04 00:00:00+00:00,161.0,40.0,0.0,0.0,0.0024
2018-06-05 00:00:00+00:00,156.0,53.0,0.0,0.0,0.0025
2018-06-06 00:00:00+00:00,181.0,151.0,0.0,0.0,0.0051
2018-06-07 00:00:00+00:00,174.0,19.0,13.0,0.0036,0.0021
2018-06-08 00:00:00+00:00,164.0,20.0,0.0,0.0,0.0018
2018-06-09 00:00:00+00:00,178.0,83.0,0.0,0.0,0.004
2018-06-10 00:00:00+00:00,176.0,100.0,0.0,0.0,0.0044
2018-06-11 00:00:00+00:00,182.0,141.0,0.0,0.0,0.0052
2018-06-12 00:00:00+00:00,151.0,16.0,0.0,0.0,0.0015
2018-06-13 00:00:00+00:00,154.0,121.0,0.0,0.0,0.0047
2018-06-14 00:00:00+00:00,160.0,40.0,2.0,0.0001,0.002
2018-06-15 00:00:00+00:00,172.0,90.0,0.0,0.0,0.0039
2018-06-16 00:00:00+00:00,160.0,61.0,0.0,0.0,0.0033
2018-06-17 00:00:00+00:00,157.0,7.0,4.0,0.0004,0.0017
2018-06-18 00:00:00+00:00,168.0,38.0,0.0,0.0,0.0018
2018-06-19 00:00:00+00:00,176.0,15.0,0.0,0.0,0.0019
2018-06-20 00:00:00+00:00,188.0,83.0,0.0,0.0,0.0039
2018-06-21 00:00:00+00:00,138.0,99.0,0.0,0.0,0.0039
2018-06-22 00:00:00+00:00,128.0,59.0,0.0,0.0,0.0026
2018-06-23 00:00:00+00:00,143.0,122.0,0.0,0.0,0.0045
2018-06-24 00:00:00+00:00,153.0,84.0,0.0,0.0,0.0041
2018-06-25 00:00:00+00:00,164.0,95.0,0.0,0.0,0.0043
2018-06-26 00:00:00+00:00,167.0,152.0,0.0,0.0,0.0052
2018-06-27 00:00:00+00:00,183.0,153.0,0.0,0.0,0.0053
2018-06-28 00:00:00+00:00,213.0,151.0,0.0,0.0,0.0055
2018-06-29 00:00:00+00:00,191.0,153.0,0.0,0.0,0.0054
2018-06-30 00:00:00+00:00,216.0,153.0,0.0,0.0,0.0055
2018-07-01 00:00:00+00:00,227.0,151.0,0.0,0.0,0.0057
2018-07-02 00:00:00+00:00,216.0,151.0,0.0,0.0,0.0058
2018-07-03 00:00:00+00:00,203.0,144.0,0.0,0.0,0.0053
2018-07-04 00:00:00+00:00,190.0,136.0,2.0,0.0006,0.0048
2018-07-05 00:00:00+00:00,185.0,135.0,0.0,0.0,0.005
2018-07-06 00:00:00+00:00,193.0,105.0,0.0,0.0,0.0046
2018-07-07 00:00:00+00:00,204.0,95.0,0.0,0.0,0.0041
2018-07-08 00:00:00+00:00,195.0,128.0,0.0,0.0,0.0052
2018-07-09 00:00:00+00:00,184.0,76.0,0.0,0.0,0.0042
2018-07-10 00:00:00+00:00,158.0,4.0,7.0,0.0005,0.001
2018-07-11 00:00:00+00:00,184.0,120.0,0.0,0.0,0.0047
2018-07-12 00:00:00+00:00,176.0,96.0,0.0,0.0,0.0043
2018-07-13 00:00:00+00:00,182.0,84.0,0.0,0.0,0.004
2018-07-14 00:00:00+00:00,196.0,150.0,0.0,0.0,0.0052
2018-07-15 00:00:00+00:00,220.0,145.0,0.0,0.0,0.0052
2018-07-16 00:00:00+00:00,231.0,94.0,0.0,0.0,0.0044
2018-07-17 00:00:00+00:00,196.0,147.0,0.0,0.0,0.0051
2018-07-18 00:00:00+00:00,187.0,105.0,0.0,0.0,0.0039
2018-07-19 00:00:00+00:00,193.0,118.0,0.0,0.0,0.0046
2018-07-20 00:00:00+00:00,195.0,89.0,0.0,0.0,0.0041
2018-07-21 00:00:00+00:00,201.0,145.0,0.0,0.0,0.005
2018-07-22 00:00:00+00:00,208.0,91.0,0.0,0.0,0.0043
2018-07-23 00:00:00+00:00,231.0,147.0,0.0,0.0,0.0052
2018-07-24 00:00:00+00:00,236.0,125.0,0.0,0.0,0.005
2018-07-25 00:00:00+00:00,243.0,97.0,0.0,0.0,0.0043
2018-07-26 00:00:00+00:00,269.0,129.0,0.0,0.0,0.005
2018-07-27 00:00:00+00:00,275.0,86.0,1.0,0.0001,0.004
2018-07-28 00:00:00+00:00,204.0,93.0,30.0,0.0047,0.004
2018-07-29 00:00:00+00:00,217.0,42.0,4.0,0.0001,0.0028
2018-07-30 00:00:00+00:00,222.0,43.0,8.0,0.0023,0.003
2018-07-31 00:00:00+00:00,200.0,109.0,2.0,0.0008,0.0042
2018-08-01 00:00:00+00:00,203.0,121.0,0.0,0.0,0.0045
2018-08-02 00:00:00+00:00,209.0,130.0,0.0,0.0,0.0048
2018-08-03 00:00:00+00:00,225.0,141.0,0.0,0.0,0.005
2018-08-04 00:00:00+00:00,218.0,120.0,0.0,0.0,0.0044
2018-08-05 00:00:00+00:00,215.0,136.0,0.0,0.0,0.0048
2018-08-06 00:00:00+00:00,229.0,138.0,0.0,0.0,0.0049
2018-08-07 00:00:00+00:00,256.0,97.0,13.0,0.0015,0.0041
2018-08-08 00:00:00+00:00,197.0,57.0,6.0,0.0028,0.0026
2018-08-09 00:00:00+00:00,174.0,3.0,72.0,0.0166,0.0008
2018-08-10 00:00:00+00:00,163.0,87.0,40.0,0.0065,0.0033
2018-08-11 00:00:00+00:00,163.0,111.0,0.0,0.0,0.0033
2018-08-12 00:00:00+00:00,215.0,25.0,0.0,0.0,0.0028
2018-08-13 00:00:00+00:00,188.0,53.0,27.0,0.0062,0.0022
2018-08-14 00:00:00+00:00,191.0,46.0,0.0,0.0,0.0024
2018-08-15 00:00:00+00:00,189.0,19.0,0.0,0.0,0.0014
2018-08-16 00:00:00+00:00,190.0,61.0,31.0,0.0092,0.0025
2018-08-17 00:00:00+00:00,179.0,117.0,3.0,0.0001,0.004
2018-08-18 00:00:00+00:00,180.0,30.0,0.0,0.0,0.002
2018-08-19 00:00:00+00:00,191.0,26.0,0.0,0.0,0.0025
2018-08-20 00:00:00+00:00,201.0,16.0,0.0,0.0,0.0018
2018-08-21 00:00:00+00:00,201.0,69.0,0.0,0.0,0.0031
2018-08-22 00:00:00+00:00,187.0,62.0,0.0,0.0,0.0028
2018-08-23 00:00:00+00:00,188.0,7.0,2.0,0.0001,0.0017
2018-08-24 00:00:00+00:00,162.0,63.0,34.0,0.015,0.0024
2018-08-25 00:00:00+00:00,137.0,82.0,41.0,0.0081,0.0027
2018-08-26 00:00:00+00:00,143.0,34.0,57.0,0.0046,0.0019
2018-08-27 00:00:00+00:00,173.0,39.0,22.0,0.0016,0.0022
2018-08-28 00:00:00+00:00,170.0,34.0,0.0,0.0,0.002
2018-08-29 00:00:00+00:00,157.0,1.0,42.0,0.0055,0.0007
2018-08-30 00:00:00+00:00,159.0,106.0,0.0,0.0,0.0029
2018-08-31 00:00:00+00:00,149.0,79.0,0.0,0.0,0.0027
2018-09-01 00:00:00+00:00,152.0,117.0,0.0,0.0,0.0032
2018-09-02 00:00:00+00:00,174.0,125.0,0.0,0.0,0.0035
2018-09-03 00:00:00+00:00,180.0,4.0,0.0,0.0,0.0009
2018-09-04 00:00:00+00:00,192.0,7.0,0.0,0.0,0.0011
2018-09-05 00:00:00+00:00,198.0,62.0,0.0,0.0,0.0027
2018-09-06 00:00:00+00:00,173.0,31.0,11.0,0.0006,0.0017
2018-09-07 00:00:00+00:00,150.0,103.0,20.0,0.0127,0.0027
2018-09-08 00:00:00+00:00,153.0,30.0,0.0,0.0,0.0018
2018-09-09 00:00:00+00:00,186.0,64.0,0.0,0.0,0.0028
2018-09-10 00:00:00+00:00,175.0,59.0,0.0,0.0,0.0025
2018-09-11 00:00:00+00:00,189.0,86.0,0.0,0.0,0.0027
2018-09-12 00:00:00+00:00,157.0,0.0,64.0,0.0044,0.0007
2018-09-13 00:00:00+00:00,148.0,98.0,0.0,0.0,0.0028
2018-09-14 00:00:00+00:00,146.0,84.0,0.0,0.0,0.0023
2018-09-15 00:00:00+00:00,153.0,81.0,0.0,0.0,0.002
2018-09-16 00:00:00+00:00,170.0,63.0,0.0,0.0,0.0022
2018-09-17 00:00:00+00:00,185.0,109.0,0.0,0.0,0.003
2018-09-18 00:00:00+00:00,194.0,99.0,0.0,0.0,0.0028
2018-09-19 00:00:00+00:00,192.0,77.0,0.0,0.0,0.0025
2018-09-20 00:00:00+00:00,203.0,67.0,0.0,0.0,0.0025
2018-09-21 00:00:00+00:00,160.0,60.0,20.0,0.002,0.0019
2018-09-22 00:00:00+00:00,123.0,7.0,92.0,0.0082,0.0008
2018-09-23 00:00:00+00:00,111.0,3.0,122.0,0.0232,0.0004
2018-09-24 00:00:00+00:00,111.0,53.0,15.0,0.0017,0.0013
2018-09-25 00:00:00+00:00,110.0,78.0,0.0,0.0,0.0015
2018-09-26 00:00:00+00:00,130.0,87.0,0.0,0.0,0.0023
2018-09-27 00:00:00+00:00,145.0,108.0,0.0,0.0,0.0025
2018-09-28 00:00:00+00:00,137.0,54.0,0.0,0.0,0.0017
2018-09-29 00:00:00+00:00,105.0,106.0,0.0,0.0,0.0021
2018-09-30 00:00:00+00:00,113.0,88.0,10.0,0.0009,0.002
2018-10-01 00:00:00+00:00,110.0,67.0,40.0,0.0083,0.0016
2018-10-02 00:00:00+00:00,128.0,14.0,32.0,0.0012,0.0007
2018-10-03 00:00:00+00:00,135.0,81.0,0.0,0.0,0.0019
2018-10-04 00:00:00+00:00,145.0,43.0,0.0,0.0,0.0013
2018-10-05 00:00:00+00:00,147.0,104.0,0.0,0.0,0.0022
2018-10-06 00:00:00+00:00,150.0,82.0,6.0,0.0003,0.0019
2018-10-07 00:00:00+00:00,116.0,82.0,0.0,0.0,0.0017
2018-10-08 00:00:00+00:00,115.0,70.0,0.0,0.0,0.0016
2018-10-09 00:00:00+00:00,136.0,93.0,0.0,0.0,0.002
2018-10-10 00:00:00+00:00,161.0,100.0,0.0,0.0,0.0021
2018-10-11 00:00:00+00:00,192.0,75.0,10.0,0.0028,0.0019
2018-10-12 00:00:00+00:00,184.0,70.0,0.0,0.0,0.0017
2018-10-13 00:00:00+00:00,203.0,90.0,0.0,0.0,0.0019
2018-10-14 00:00:00+00:00,186.0,81.0,0.0,0.0,0.0018
2018-10-15 00:00:00+00:00,173.0,68.0,0.0,0.0,0.0017
2018-10-16 00:00:00+00:00,167.0,75.0,0.0,0.0,0.0016
2018-10-17 00:00:00+00:00,141.0,60.0,0.0,0.0,0.0013
2018-10-18 00:00:00+00:00,140.0,47.0,0.0,0.0,0.0013
2018-10-19 00:00:00+00:00,112.0,76.0,0.0,0.0,0.0014
2018-10-20 00:00:00+00:00,99.0,60.0,0.0,0.0,0.0012
2018-10-21 00:00:00+00:00,127.0,52.0,0.0,0.0,0.0012
2018-10-22 00:00:00+00:00,121.0,58.0,13.0,0.0003,0.0013
2018-10-23 00:00:00+00:00,127.0,25.0,0.0,0.0,0.0009
2018-10-24 00:00:00+00:00,146.0,6.0,0.0,0.0,0.0005
2018-10-25 00:00:00+00:00,122.0,5.0,0.0,0.0,0.0004
2018-10-26 00:00:00+00:00,101.0,0.0,59.0,0.0056,0.0003
2018-10-27 00:00:00+00:00,71.0,23.0,73.0,0.0103,0.0005
2018-10-28 00:00:00+00:00,57.0,83.0,0.0,0.0,0.0011
2018-10-29 00:00:00+00:00,47.0,0.0,0.0,0.0,0.0002
2018-10-30 00:00:00+00:00,62.0,0.0,187.0,0.0316,0.0001
2018-10-31 00:00:00+00:00,85.0,50.0,8.0,0.0003,0.0009
2018-11-01 00:00:00+00:00,112.0,13.0,8.0,0.0005,0.0006
2018-11-02 00:00:00+00:00,77.0,76.0,18.0,0.0014,0.001
2018-11-03 00:00:00+00:00,64.0,58.0,0.0,0.0,0.0008
2018-11-04 00:00:00+00:00,75.0,83.0,0.0,0.0,0.0009
2018-11-05 00:00:00+00:00,90.0,65.0,0.0,0.0,0.0009
2018-11-06 00:00:00+00:00,137.0,49.0,0.0,0.0,0.0008
2018-11-07 00:00:00+00:00,113.0,0.0,17.0,0.0005,0.0003
2018-11-08 00:00:00+00:00,95.0,82.0,0.0,0.0,0.001
2018-11-09 00:00:00+00:00,96.0,31.0,0.0,0.0,0.0006
2018-11-10 00:00:00+00:00,115.0,2.0,74.0,0.0086,0.0003
2018-11-11 00:00:00+00:00,116.0,11.0,5.0,0.0002,0.0005
2018-11-12 00:00:00+00:00,105.0,4.0,73.0,0.0038,0.0003
2018-11-13 00:00:00+00:00,104.0,59.0,12.0,0.0022,0.0008
2018-11-14 00:00:00+00:00,89.0,63.0,0.0,0.0,0.0007
2018-11-15 00:00:00+00:00,85.0,76.0,0.0,0.0,0.0008
2018-11-16 00:00:00+00:00,54.0,0.0,0.0,0.0,0.0002
2018-11-17 00:00:00+00:00,53.0,75.0,0.0,0.0,0.0008
2018-11-18 00:00:00+00:00,36.0,65.0,0.0,0.0,0.0006
2018-11-19 00:00:00+00:00,51.0,16.0,0.0,0.0,0.0003
2018-11-20 00:00:00+00:00,37.0,0.0,0.0,0.0,0.0001
2018-11-21 00:00:00+00:00,37.0,61.0,0.0,0.0,0.0006
2018-11-22 00:00:00+00:00,30.0,4.0,0.0,0.0,0.0002
2018-11-23 00:00:00+00:00,47.0,38.0,0.0,0.0,0.0005
2018-11-24 00:00:00+00:00,34.0,12.0,0.0,0.0,0.0002
2018-11-25 00:00:00+00:00,36.0,0.0,0.0,0.0,0.0001
2018-11-26 00:00:00+00:00,53.0,0.0,104.0,0.0037,0.0002
2018-11-27 00:00:00+00:00,49.0,10.0,13.0,0.0003,0.0002
2018-11-28 00:00:00+00:00,85.0,0.0,54.0,0.0038,0.0002
2018-11-29 00:00:00+00:00,112.0,0.0,72.0,0.0033,0.0002
2018-11-30 00:00:00+00:00,93.0,43.0,3.0,0.0002,0.0005
2018-12-01 00:00:00+00:00,82.0,3.0,69.0,0.0026,0.0002
2018-12-02 00:00:00+00:00,127.0,2.0,116.0,0.0133,0.0002
2018-12-03 00:00:00+00:00,117.0,14.0,19.0,0.0028,0.0002
2018-12-04 00:00:00+00:00,66.0,61.0,4.0,0.0005,0.0005
2018-12-05 00:00:00+00:00,79.0,0.0,28.0,0.0019,0.0001
2018-12-06 00:00:00+00:00,116.0,0.0,37.0,0.0019,0.0002
2018-12-07 00:00:00+00:00,102.0,0.0,124.0,0.0104,0.0001
2018-12-08 00:00:00+00:00,100.0,12.0,27.0,0.0111,0.0003
2018-12-09 00:00:00+00:00,87.0,14.0,34.0,0.0026,0.0003
2018-12-10 00:00:00+00:00,65.0,41.0,4.0,0.0002,0.0004
2018-12-11 00:00:00+00:00,44.0,32.0,0.0,0.0,0.0003
2018-12-12 00:00:00+00:00,23.0,65.0,0.0,0.0,0.0004
2018-12-13 00:00:00+00:00,16.0,65.0,0.0,0.0,0.0004
2018-12-14 00:00:00+00:00,9.0,14.0,0.0,0.0,0.0002
2018-12-15 00:00:00+00:00,8.0,36.0,46.0,0.0072,0.0003
2018-12-16 00:00:00+00:00,33.0,0.0,12.0,0.0005,0.0002
2018-12-17 00:00:00+00:00,70.0,43.0,17.0,0.0008,0.0004
2018-12-18 00:00:00+00:00,74.0,23.0,0.0,0.0,0.0003
2018-12-19 00:00:00+00:00,77.0,25.0,36.0,0.0044,0.0004
2018-12-20 00:00:00+00:00,77.0,15.0,37.0,0.0025,0.0003
2018-12-21 00:00:00+00:00,105.0,0.0,79.0,0.0145,0.0002
2018-12-22 00:00:00+00:00,91.0,33.0,41.0,0.0076,0.0004
2018-12-23 00:00:00+00:00,80.0,0.0,125.0,0.0056,0.0001
2018-12-24 00:00:00+00:00,72.0,9.0,0.0,0.0,0.0003
2018-12-25 00:00:00+00:00,33.0,53.0,0.0,0.0,0.0004
2018-12-26 00:00:00+00:00,26.0,27.0,0.0,0.0,0.0002
2018-12-27 00:00:00+00:00,16.0,7.0,0.0,0.0,0.0002
2018-12-28 00:00:00+00:00,24.0,0.0,0.0,0.0,0.0001
2018-12-29 00:00:00+00:00,77.0,0.0,0.0,0.0,0.0001
2018-12-30 00:00:00+00:00,79.0,3.0,20.0,0.0004,0.0002
2018-12-31 00:00:00+00:00,89.0,25.0,6.0,0.0001,0.0004
2019-01-01 00:00:00+00:00,76.0,2.0,25.0,0.0009,0.0001
2019-01-02 00:00:00+00:00,57.0,9.0,7.0,0.0003,0.0002
2019-01-03 00:00:00+00:00,38.0,37.0,6.0,0.0003,0.0004
2019-01-04 00:00:00+00:00,48.0,0.0,19.0,0.0007,0.0001
2019-01-05 00:00:00+00:00,64.0,0.0,13.0,0.0003,0.0001
2019-01-06 00:00:00+00:00,57.0,0.0,0.0,0.0,0.0001
2019-01-07 00:00:00+00:00,79.0,0.0,17.0,0.0007,0.0002
2019-01-08 00:00:00+00:00,70.0,10.0,17.0,0.0025,0.0003
2019-01-09 00:00:00+00:00,51.0,47.0,28.0,0.0031,0.0005
2019-01-10 00:00:00+00:00,35.0,0.0,36.0,0.0011,0.0001
2019-01-11 00:00:00+00:00,71.0,7.0,64.0,0.0029,0.0003
2019-01-12 00:00:00+00:00,77.0,0.0,15.0,0.0012,0.0001
2019-01-13 00:00:00+00:00,90.0,0.0,47.0,0.0024,0.0001
2019-01-14 00:00:00+00:00,62.0,41.0,24.0,0.0028,0.0005
2019-01-15 00:00:00+00:00,64.0,0.0,0.0,0.0,0.0002
2019-01-16 00:00:00+00:00,62.0,3.0,27.0,0.0011,0.0003
2019-01-17 00:00:00+00:00,39.0,9.0,59.0,0.0056,0.0002
2019-01-18 00:00:00+00:00,9.0,24.0,0.0,0.0,0.0003
2019-01-19 00:00:00+00:00,1.0,75.0,0.0,0.0,0.0006
2019-01-20 00:00:00+00:00,-13.0,73.0,0.0,0.0,0.0006
2019-01-21 00:00:00+00:00,-11.0,75.0,0.0,0.0,0.0006
2019-01-22 00:00:00+00:00,-4.0,9.0,61.0,0.0036,0.0002
2019-01-23 00:00:00+00:00,-3.0,51.0,0.0,0.0,0.0005
2019-01-24 00:00:00+00:00,2.0,26.0,0.0,0.0,0.0004
2019-01-25 00:00:00+00:00,18.0,0.0,31.0,0.0007,0.0002
2019-01-26 00:00:00+00:00,72.0,0.0,32.0,0.0024,0.0003
2019-01-27 00:00:00+00:00,58.0,8.0,97.0,0.0127,0.0003
2019-01-28 00:00:00+00:00,41.0,40.0,81.0,0.0108,0.0005
2019-01-29 00:00:00+00:00,19.0,53.0,0.0,0.0,0.0006
2019-01-30 00:00:00+00:00,5.0,10.0,87.0,0.0045,0.0003
2019-01-31 00:00:00+00:00,-10.0,0.0,0.0,0.0,0.0002
2019-02-01 00:00:00+00:00,17.0,4.0,19.0,0.0003,0.0002
2019-02-02 00:00:00+00:00,36.0,0.0,180.0,0.0062,0.0002
2019-02-03 00:00:00+00:00,26.0,70.0,3.0,0.0004,0.0007
2019-02-04 00:00:00+00:00,25.0,0.0,70.0,0.0031,0.0002
2019-02-05 00:00:00+00:00,43.0,13.0,0.0,0.0,0.0004
2019-02-06 00:00:00+00:00,56.0,0.0,145.0,0.0108,0.0002
2019-02-07 00:00:00+00:00,79.0,68.0,52.0,0.005,0.0009
2019-02-08 00:00:00+00:00,85.0,0.0,46.0,0.0034,0.0003
2019-02-09 00:00:00+00:00,85.0,58.0,4.0,0.0002,0.0009
2019-02-10 00:00:00+00:00,68.0,3.0,135.0,0.0177,0.0002
2019-02-11 00:00:00+00:00,43.0,69.0,3.0,0.0002,0.0008
2019-02-12 00:00:00+00:00,50.0,66.0,0.0,0.0,0.001
2019-02-13 00:00:00+00:00,56.0,64.0,0.0,0.0,0.0008
2019-02-14 00:00:00+00:00,54.0,90.0,0.0,0.0,0.0012
2019-02-15 00:00:00+00:00,77.0,90.0,0.0,0.0,0.0013
2019-02-16 00:00:00+00:00,76.0,90.0,0.0,0.0,0.0012
2019-02-17 00:00:00+00:00,86.0,83.0,0.0,0.0,0.0012
2019-02-18 00:00:00+00:00,81.0,89.0,3.0,0.0001,0.0011
2019-02-19 00:00:00+00:00,71.0,92.0,0.0,0.0,0.0013
2019-02-20 00:00:00+00:00,70.0,66.0,0.0,0.0,0.0012
2019-02-21 00:00:00+00:00,79.0,15.0,0.0,0.0,0.0007
2019-02-22 00:00:00+00:00,75.0,16.0,0.0,0.0,0.0007
2019-02-23 00:00:00+00:00,78.0,95.0,0.0,0.0,0.0015
2019-02-24 00:00:00+00:00,64.0,95.0,0.0,0.0,0.0014
2019-02-25 00:00:00+00:00,79.0,95.0,0.0,0.0,0.0016
2019-02-26 00:00:00+00:00,82.0,92.0,0.0,0.0,0.0015
2019-02-27 00:00:00+00:00,91.0,95.0,0.0,0.0,0.0017
2019-02-28 00:00:00+00:00,85.0,26.0,33.0,0.004,0.0008
2019-03-01 00:00:00+00:00,68.0,6.0,27.0,0.0008,0.0006
2019-03-02 00:00:00+00:00,87.0,10.0,7.0,0.0003,0.0006
2019-03-03 00:00:00+00:00,114.0,0.0,82.0,0.0047,0.0003
2019-03-04 00:00:00+00:00,82.0,34.0,37.0,0.0095,0.001
2019-03-05 00:00:00+00:00,75.0,86.0,42.0,0.0032,0.0016
2019-03-06 00:00:00+00:00,100.0,0.0,59.0,0.0019,0.0003
2019-03-07 00:00:00+00:00,89.0,71.0,83.0,0.0194,0.0012
2019-03-08 00:00:00+00:00,80.0,64.0,51.0,0.0035,0.0015
2019-03-09 00:00:00+00:00,95.0,54.0,13.0,0.0002,0.0013
2019-03-10 00:00:00+00:00,71.0,25.0,77.0,0.008,0.0008
2019-03-11 00:00:00+00:00,58.0,55.0,25.0,0.0018,0.0012
2019-03-12 00:00:00+00:00,70.0,2.0,32.0,0.0065,0.0006
2019-03-13 00:00:00+00:00,79.0,16.0,3.0,0.0004,0.0006
2019-03-14 00:00:00+00:00,88.0,43.0,66.0,0.011,0.0012
2019-03-15 00:00:00+00:00,99.0,1.0,76.0,0.0069,0.0006
2019-03-16 00:00:00+00:00,105.0,4.0,58.0,0.0079,0.0006
2019-03-17 00:00:00+00:00,68.0,61.0,40.0,0.0032,0.0014
2019-03-18 00:00:00+00:00,59.0,97.0,0.0,0.0,0.0018
2019-03-19 00:00:00+00:00,70.0,68.0,0.0,0.0,0.0016
2019-03-20 00:00:00+00:00,94.0,4.0,0.0,0.0,0.0009
2019-03-21 00:00:00+00:00,85.0,2.0,0.0,0.0,0.0008
2019-03-22 00:00:00+00:00,87.0,71.0,0.0,0.0,0.0019
2019-03-23 00:00:00+00:00,85.0,10.0,0.0,0.0,0.0008
2019-03-24 00:00:00+00:00,64.0,105.0,0.0,0.0,0.0022
2019-03-25 00:00:00+00:00,79.0,76.0,4.0,0.0006,0.0018
2019-03-26 00:00:00+00:00,75.0,67.0,0.0,0.0,0.0018
2019-03-27 00:00:00+00:00,87.0,25.0,0.0,0.0,0.0014
2019-03-28 00:00:00+00:00,87.0,24.0,0.0,0.0,0.0015
2019-03-29 00:00:00+00:00,90.0,111.0,0.0,0.0,0.0025
2019-03-30 00:00:00+00:00,108.0,92.0,0.0,0.0,0.0023
2019-03-31 00:00:00+00:00,88.0,53.0,0.0,0.0,0.0017
2019-04-01 00:00:00+00:00,82.0,119.0,0.0,0.0,0.0026
2019-04-02 00:00:00+00:00,94.0,22.0,8.0,0.0021,0.0012
2019-04-03 00:00:00+00:00,55.0,40.0,3.0,0.0006,0.0015
2019-04-04 00:00:00+00:00,62.0,61.0,0.0,0.0,0.002
2019-04-05 00:00:00+00:00,85.0,96.0,0.0,0.0,0.0025
2019-04-06 00:00:00+00:00,97.0,30.0,0.0,0.0,0.0015
2019-04-07 00:00:00+00:00,131.0,102.0,0.0,0.0,0.0028
2019-04-08 00:00:00+00:00,101.0,48.0,0.0,0.0,0.0017
2019-04-09 00:00:00+00:00,102.0,43.0,0.0,0.0,0.0021
2019-04-10 00:00:00+00:00,74.0,116.0,0.0,0.0,0.003
2019-04-11 00:00:00+00:00,67.0,125.0,0.0,0.0,0.0029
2019-04-12 00:00:00+00:00,62.0,39.0,0.0,0.0,0.0017
2019-04-13 00:00:00+00:00,42.0,99.0,0.0,0.0,0.0022
2019-04-14 00:00:00+00:00,54.0,63.0,0.0,0.0,0.0021
2019-04-15 00:00:00+00:00,96.0,119.0,0.0,0.0,0.0031
2019-04-16 00:00:00+00:00,126.0,79.0,0.0,0.0,0.0028
2019-04-17 00:00:00+00:00,122.0,12.0,0.0,0.0,0.0018
2019-04-18 00:00:00+00:00,150.0,117.0,0.0,0.0,0.0036
2019-04-19 00:00:00+00:00,150.0,126.0,0.0,0.0,0.0037
2019-04-20 00:00:00+00:00,155.0,130.0,0.0,0.0,0.0039
2019-04-21 00:00:00+00:00,147.0,130.0,0.0,0.0,0.0036
2019-04-22 00:00:00+00:00,168.0,120.0,0.0,0.0,0.0037
2019-04-23 00:00:00+00:00,149.0,70.0,0.0,0.0,0.0029
2019-04-24 00:00:00+00:00,160.0,75.0,34.0,0.009,0.0028
2019-04-25 00:00:00+00:00,119.0,11.0,19.0,0.0041,0.0013
2019-04-26 00:00:00+00:00,119.0,85.0,0.0,0.0,0.0028
2019-04-27 00:00:00+00:00,102.0,50.0,38.0,0.0053,0.0023
2019-04-28 00:00:00+00:00,87.0,24.0,47.0,0.0064,0.0016
2019-04-29 00:00:00+00:00,98.0,124.0,0.0,0.0,0.0035
2019-04-30 00:00:00+00:00,108.0,14.0,0.0,0.0,0.0017
2019-05-01 00:00:00+00:00,95.0,31.0,0.0,0.0,0.0014
2019-05-02 00:00:00+00:00,97.0,42.0,15.0,0.0006,0.0015
2019-05-03 00:00:00+00:00,87.0,13.0,46.0,0.0046,0.0016
2019-05-04 00:00:00+00:00,76.0,110.0,33.0,0.0033,0.003
2019-05-05 00:00:00+00:00,80.0,99.0,10.0,0.0012,0.0032
2019-05-06 00:00:00+00:00,87.0,54.0,2.0,0.0001,0.0024
2019-05-07 00:00:00+00:00,96.0,37.0,0.0,0.0,0.0019
2019-05-08 00:00:00+00:00,109.0,43.0,33.0,0.0017,0.0016
2019-05-09 00:00:00+00:00,116.0,66.0,24.0,0.0074,0.0026
2019-05-10 00:00:00+00:00,111.0,67.0,6.0,0.0002,0.0024
2019-05-11 00:00:00+00:00,103.0,137.0,0.0,0.0,0.004
2019-05-12 00:00:00+00:00,99.0,121.0,3.0,0.0003,0.0037
2019-05-13 00:00:00+00:00,104.0,141.0,0.0,0.0,0.0041
2019-05-14 00:00:00+00:00,112.0,133.0,0.0,0.0,0.0042
2019-05-15 00:00:00+00:00,127.0,143.0,0.0,0.0,0.0044
2019-05-16 00:00:00+00:00,129.0,141.0,0.0,0.0,0.0043
2019-05-17 00:00:00+00:00,114.0,10.0,0.0,0.0,0.0014
2019-05-18 00:00:00+00:00,130.0,85.0,0.0,0.0,0.0035
2019-05-19 00:00:00+00:00,121.0,0.0,29.0,0.0067,0.0011
2019-05-20 00:00:00+00:00,114.0,0.0,10.0,0.0002,0.0008
2019-05-21 00:00:00+00:00,114.0,43.0,0.0,0.0,0.0024
2019-05-22 00:00:00+00:00,129.0,124.0,0.0,0.0,0.0041
2019-05-23 00:00:00+00:00,149.0,108.0,0.0,0.0,0.0041
2019-05-24 00:00:00+00:00,141.0,125.0,0.0,0.0,0.0044
2019-05-25 00:00:00+00:00,122.0,45.0,16.0,0.0019,0.0024
2019-05-26 00:00:00+00:00,156.0,60.0,21.0,0.0019,0.0035
2019-05-27 00:00:00+00:00,149.0,109.0,7.0,0.0009,0.0043
2019-05-28 00:00:00+00:00,120.0,49.0,40.0,0.0241,0.0022
2019-05-29 00:00:00+00:00,135.0,99.0,0.0,0.0,0.0038
2019-05-30 00:00:00+00:00,168.0,58.0,6.0,0.0003,0.003
2019-05-31 00:00:00+00:00,158.0,82.0,0.0,0.0,0.0036
2019-06-01 00:00:00+00:00,180.0,143.0,0.0,0.0,0.0048
2019-06-02 00:00:00+00:00,216.0,114.0,3.0,0.0023,0.0049
2019-06-03 00:00:00+00:00,157.0,27.0,0.0,0.0,0.0025
2019-06-04 00:00:00+00:00,170.0,57.0,12.0,0.0021,0.0029
2019-06-05 00:00:00+00:00,150.0,4.0,29.0,0.0096,0.0017
2019-06-06 00:00:00+00:00,141.0,75.0,27.0,0.0032,0.0033
2019-06-07 00:00:00+00:00,149.0,46.0,13.0,0.0006,0.0023
2019-06-08 00:00:00+00:00,140.0,77.0,17.0,0.0016,0.0029
2019-06-09 00:00:00+00:00,148.0,65.0,0.0,0.0,0.0035
2019-06-10 00:00:00+00:00,162.0,32.0,6.0,0.0009,0.0026
2019-06-11 00:00:00+00:00,141.0,63.0,0.0,0.0,0.0033
2019-06-12 00:00:00+00:00,131.0,13.0,79.0,0.0123,0.0009
2019-06-13 00:00:00+00:00,137.0,31.0,19.0,0.0024,0.0021
2019-06-14 00:00:00+00:00,158.0,87.0,7.0,0.0028,0.0036
2019-06-15 00:00:00+00:00,149.0,50.0,69.0,0.0201,0.0021
2019-06-16 00:00:00+00:00,163.0,93.0,0.0,0.0,0.0037
2019-06-17 00:00:00+00:00,182.0,123.0,0.0,0.0,0.0046
2019-06-18 00:00:00+00:00,188.0,102.0,0.0,0.0,0.0046
2019-06-19 00:00:00+00:00,181.0,24.0,35.0,0.0101,0.0022
2019-06-20 00:00:00+00:00,161.0,74.0,0.0,0.0,0.0034
2019-06-21 00:00:00+00:00,149.0,146.0,0.0,0.0,0.0045
2019-06-22 00:00:00+00:00,171.0,155.0,0.0,0.0,0.0052
2019-06-23 00:00:00+00:00,221.0,116.0,0.0,0.0,0.005
2019-06-24 00:00:00+00:00,237.0,102.0,0.0,0.0,0.005
2019-06-25 00:00:00+00:00,237.0,98.0,0.0,0.0,0.0048
2019-06-26 00:00:00+00:00,177.0,61.0,0.0,0.0,0.0029
2019-06-27 00:00:00+00:00,178.0,131.0,0.0,0.0,0.0051
2019-06-28 00:00:00+00:00,187.0,139.0,0.0,0.0,0.0053
2019-06-29 00:00:00+00:00,246.0,153.0,0.0,0.0,0.0059
2019-06-30 00:00:00+00:00,201.0,118.0,0.0,0.0,0.0047
2019-07-01 00:00:00+00:00,171.0,134.0,0.0,0.0,0.0045
2019-07-02 00:00:00+00:00,172.0,133.0,0.0,0.0,0.0049
2019-07-03 00:00:00+00:00,168.0,121.0,0.0,0.0,0.0045
2019-07-04 00:00:00+00:00,162.0,143.0,0.0,0.0,0.0049
2019-07-05 00:00:00+00:00,177.0,126.0,0.0,0.0,0.005
2019-07-06 00:00:00+00:00,176.0,85.0,20.0,0.0021,0.0039
2019-07-07 00:00:00+00:00,153.0,112.0,0.0,0.0,0.0043
2019-07-08 00:00:00+00:00,142.0,77.0,0.0,0.0,0.0034
2019-07-09 00:00:00+00:00,148.0,62.0,0.0,0.0,0.0033
2019-07-10 00:00:00+00:00,178.0,10.0,0.0,0.0,0.0019
2019-07-11 00:00:00+00:00,190.0,75.0,0.0,0.0,0.004
2019-07-12 00:00:00+00:00,173.0,81.0,10.0,0.0023,0.0035
2019-07-13 00:00:00+00:00,167.0,25.0,10.0,0.0006,0.0022
2019-07-14 00:00:00+00:00,162.0,34.0,7.0,0.0007,0.0024
2019-07-15 00:00:00+00:00,155.0,2.0,0.0,0.0,0.0017
2019-07-16 00:00:00+00:00,161.0,57.0,0.0,0.0,0.003
2019-07-17 00:00:00+00:00,185.0,108.0,0.0,0.0,0.0043
2019-07-18 00:00:00+00:00,186.0,24.0,5.0,0.0003,0.0022
2019-07-19 00:00:00+00:00,193.0,58.0,0.0,0.0,0.0033
2019-07-20 00:00:00+00:00,194.0,54.0,40.0,0.0169,0.0024
2019-07-21 00:00:00+00:00,185.0,77.0,0.0,0.0,0.0037
2019-07-22 00:00:00+00:00,207.0,131.0,0.0,0.0,0.0049
2019-07-23 00:00:00+00:00,252.0,147.0,0.0,0.0,0.0054
2019-07-24 00:00:00+00:00,260.0,133.0,0.0,0.0,0.0051
2019-07-25 00:00:00+00:00,301.0,134.0,0.0,0.0,0.0053
2019-07-26 00:00:00+00:00,244.0,87.0,0.0,0.0,0.0044
2019-07-27 00:00:00+00:00,190.0,2.0,72.0,0.0064,0.0008
2019-07-28 00:00:00+00:00,176.0,2.0,62.0,0.0085,0.0006
2019-07-29 00:00:00+00:00,197.0,140.0,0.0,0.0,0.0047
2019-07-30 00:00:00+00:00,215.0,114.0,0.0,0.0,0.0044
2019-07-31 00:00:00+00:00,184.0,35.0,3.0,0.0002,0.0025
2019-08-01 00:00:00+00:00,181.0,68.0,0.0,0.0,0.0031
2019-08-02 00:00:00+00:00,179.0,65.0,2.0,0.0002,0.0027
2019-08-03 00:00:00+00:00,189.0,30.0,0.0,0.0,0.0024
2019-08-04 00:00:00+00:00,217.0,69.0,2.0,0.0002,0.0039
2019-08-05 00:00:00+00:00,207.0,59.0,2.0,0.0005,0.0035
2019-08-06 00:00:00+00:00,192.0,71.0,0.0,0.0,0.0032
2019-08-07 00:00:00+00:00,194.0,115.0,0.0,0.0,0.004
2019-08-08 00:00:00+00:00,194.0,112.0,0.0,0.0,0.0038
2019-08-09 00:00:00+00:00,214.0,35.0,32.0,0.006,0.0019
2019-08-10 00:00:00+00:00,200.0,88.0,2.0,0.0002,0.0033
2019-08-11 00:00:00+00:00,180.0,34.0,0.0,0.0,0.0023
2019-08-12 00:00:00+00:00,159.0,67.0,45.0,0.0143,0.0022
2019-08-13 00:00:00+00:00,152.0,95.0,13.0,0.0028,0.0029
2019-08-14 00:00:00+00:00,163.0,60.0,42.0,0.0046,0.0024
2019-08-15 00:00:00+00:00,177.0,53.0,14.0,0.002,0.0026
2019-08-16 00:00:00+00:00,180.0,41.0,19.0,0.0006,0.0025
2019-08-17 00:00:00+00:00,177.0,3.0,47.0,0.0131,0.0011
2019-08-18 00:00:00+00:00,169.0,49.0,36.0,0.0013,0.0021
2019-08-19 00:00:00+00:00,169.0,87.0,2.0,0.0021,0.003
2019-08-20 00:00:00+00:00,159.0,110.0,0.0,0.0,0.0034
2019-08-21 00:00:00+00:00,169.0,123.0,0.0,0.0,0.0037
2019-08-22 00:00:00+00:00,171.0,131.0,0.0,0.0,0.0039
2019-08-23 00:00:00+00:00,190.0,116.0,0.0,0.0,0.0037
2019-08-24 00:00:00+00:00,218.0,130.0,0.0,0.0,0.0041
2019-08-25 00:00:00+00:00,228.0,113.0,0.0,0.0,0.004
2019-08-26 00:00:00+00:00,240.0,129.0,0.0,0.0,0.004
2019-08-27 00:00:00+00:00,246.0,100.0,0.0,0.0,0.0036
2019-08-28 00:00:00+00:00,214.0,32.0,8.0,0.0039,0.0024
2019-08-29 00:00:00+00:00,177.0,79.0,4.0,0.0001,0.0028
2019-08-30 00:00:00+00:00,171.0,111.0,0.0,0.0,0.0034
2019-08-31 00:00:00+00:00,202.0,80.0,1.0,0.0002,0.0031
2019-09-01 00:00:00+00:00,157.0,83.0,8.0,0.002,0.0028
2019-09-02 00:00:00+00:00,156.0,95.0,0.0,0.0,0.0031
2019-09-03 00:00:00+00:00,174.0,27.0,0.0,0.0,0.0019
2019-09-04 00:00:00+00:00,154.0,35.0,36.0,0.0059,0.0012
2019-09-05 00:00:00+00:00,133.0,53.0,12.0,0.0008,0.002
2019-09-06 00:00:00+00:00,142.0,30.0,18.0,0.0021,0.0019
2019-09-07 00:00:00+00:00,138.0,49.0,22.0,0.007,0.0017
2019-09-08 00:00:00+00:00,132.0,75.0,17.0,0.003,0.0025
2019-09-09 00:00:00+00:00,134.0,59.0,0.0,0.0,0.0023
2019-09-10 00:00:00+00:00,142.0,88.0,0.0,0.0,0.0025
2019-09-11 00:00:00+00:00,160.0,0.0,63.0,0.0037,0.0007
2019-09-12 00:00:00+00:00,187.0,94.0,0.0,0.0,0.0028
2019-09-13 00:00:00+00:00,174.0,74.0,0.0,0.0,0.0026
2019-09-14 00:00:00+00:00,153.0,113.0,0.0,0.0,0.003
2019-09-15 00:00:00+00:00,162.0,113.0,0.0,0.0,0.003
2019-09-16 00:00:00+00:00,161.0,0.0,0.0,0.0,0.001
2019-09-17 00:00:00+00:00,138.0,70.0,0.0,0.0,0.0021
2019-09-18 00:00:00+00:00,140.0,80.0,0.0,0.0,0.0023
2019-09-19 00:00:00+00:00,140.0,55.0,0.0,0.0,0.0019
2019-09-20 00:00:00+00:00,144.0,95.0,0.0,0.0,0.0025
2019-09-21 00:00:00+00:00,175.0,112.0,0.0,0.0,0.0029
2019-09-22 00:00:00+00:00,189.0,65.0,26.0,0.0058,0.0023
2019-09-23 00:00:00+00:00,167.0,48.0,0.0,0.0,0.0016
2019-09-24 00:00:00+00:00,157.0,2.0,50.0,0.009,0.0005
2019-09-25 00:00:00+00:00,156.0,15.0,27.0,0.0051,0.0012
2019-09-26 00:00:00+00:00,161.0,0.0,49.0,0.0121,0.0005
2019-09-27 00:00:00+00:00,156.0,44.0,21.0,0.0044,0.0016
2019-09-28 00:00:00+00:00,154.0,72.0,9.0,0.0008,0.0017
2019-09-29 00:00:00+00:00,155.0,5.0,119.0,0.0179,0.0005
2019-09-30 00:00:00+00:00,151.0,45.0,27.0,0.0038,0.0016
2019-10-01 00:00:00+00:00,157.0,13.0,67.0,0.0115,0.0009
2019-10-02 00:00:00+00:00,119.0,54.0,31.0,0.0041,0.0012
2019-10-03 00:00:00+00:00,119.0,3.0,41.0,0.0058,0.0007
2019-10-04 00:00:00+00:00,122.0,1.0,48.0,0.0101,0.0006
2019-10-05 00:00:00+00:00,104.0,31.0,0.0,0.0,0.0012
2019-10-06 00:00:00+00:00,114.0,20.0,73.0,0.0134,0.0006
2019-10-07 00:00:00+00:00,113.0,6.0,24.0,0.002,0.0006
2019-10-08 00:00:00+00:00,139.0,6.0,36.0,0.0035,0.0008
2019-10-09 00:00:00+00:00,118.0,34.0,41.0,0.0056,0.001
2019-10-10 00:00:00+00:00,129.0,75.0,8.0,0.0007,0.0015
2019-10-11 00:00:00+00:00,150.0,0.0,32.0,0.0012,0.0005
2019-10-12 00:00:00+00:00,126.0,0.0,109.0,0.0052,0.0003
2019-10-13 00:00:00+00:00,167.0,18.0,11.0,0.0032,0.0009
2019-10-14 00:00:00+00:00,155.0,28.0,0.0,0.0,0.0009
2019-10-15 00:00:00+00:00,144.0,0.0,4.0,0.0006,0.0006
2019-10-16 00:00:00+00:00,132.0,8.0,89.0,0.0065,0.0005
2019-10-17 00:00:00+00:00,134.0,49.0,16.0,0.0006,0.0012
2019-10-18 00:00:00+00:00,124.0,30.0,16.0,0.0019,0.0009
2019-10-19 00:00:00+00:00,121.0,27.0,16.0,0.0034,0.001
2019-10-20 00:00:00+00:00,118.0,11.0,3.0,0.0002,0.0006
2019-10-21 00:00:00+00:00,119.0,0.0,52.0,0.0115,0.0003
2019-10-22 00:00:00+00:00,113.0,49.0,9.0,0.0034,0.0009
2019-10-23 00:00:00+00:00,124.0,19.0,5.0,0.0002,0.0008
2019-10-24 00:00:00+00:00,148.0,50.0,8.0,0.004,0.0011
2019-10-25 00:00:00+00:00,137.0,34.0,0.0,0.0,0.001
2019-10-26 00:00:00+00:00,159.0,55.0,31.0,0.0012,0.0012
2019-10-27 00:00:00+00:00,90.0,47.0,14.0,0.0004,0.0009
2019-10-28 00:00:00+00:00,85.0,30.0,0.0,0.0,0.0006
2019-10-29 00:00:00+00:00,86.0,80.0,0.0,0.0,0.0012
2019-10-30 00:00:00+00:00,61.0,33.0,0.0,0.0,0.0007
2019-10-31 00:00:00+00:00,52.0,85.0,0.0,0.0,0.0009
2019-11-01 00:00:00+00:00,102.0,0.0,105.0,0.0048,0.0003
2019-11-02 00:00:00+00:00,132.0,37.0,48.0,0.0157,0.0008
2019-11-03 00:00:00+00:00,99.0,5.0,42.0,0.0024,0.0004
2019-11-04 00:00:00+00:00,106.0,24.0,20.0,0.0016,0.0005
2019-11-05 00:00:00+00:00,97.0,25.0,4.0,0.0001,0.0008
2019-11-06 00:00:00+00:00,87.0,37.0,21.0,0.0013,0.0006
2019-11-07 00:00:00+00:00,78.0,16.0,52.0,0.0103,0.0003
2019-11-08 00:00:00+00:00,65.0,82.0,6.0,0.0006,0.0009
2019-11-09 00:00:00+00:00,68.0,57.0,14.0,0.0009,0.0009
2019-11-10 00:00:00+00:00,44.0,83.0,0.0,0.0,0.0008
2019-11-11 00:00:00+00:00,64.0,0.0,91.0,0.0169,0.0001
2019-11-12 00:00:00+00:00,58.0,58.0,25.0,0.0018,0.0007
2019-11-13 00:00:00+00:00,72.0,24.0,37.0,0.0036,0.0004
2019-11-14 00:00:00+00:00,58.0,17.0,24.0,0.0008,0.0004
2019-11-15 00:00:00+00:00,49.0,4.0,0.0,0.0,0.0001
2019-11-16 00:00:00+00:00,50.0,37.0,0.0,0.0,0.0005
2019-11-17 00:00:00+00:00,53.0,73.0,0.0,0.0,0.0006
2019-11-18 00:00:00+00:00,65.0,0.0,13.0,0.0013,0.0002
2019-11-19 00:00:00+00:00,46.0,46.0,13.0,0.0018,0.0006
2019-11-20 00:00:00+00:00,22.0,77.0,0.0,0.0,0.0006
2019-11-21 00:00:00+00:00,21.0,0.0,0.0,0.0,0.0002
2019-11-22 00:00:00+00:00,74.0,52.0,12.0,0.0003,0.0006
2019-11-23 00:00:00+00:00,62.0,2.0,27.0,0.0012,0.0003
2019-11-24 00:00:00+00:00,61.0,12.0,0.0,0.0,0.0003
2019-11-25 00:00:00+00:00,86.0,57.0,0.0,0.0,0.0006
2019-11-26 00:00:00+00:00,108.0,0.0,22.0,0.0017,0.0002
2019-11-27 00:00:00+00:00,107.0,7.0,78.0,0.0108,0.0003
2019-11-28 00:00:00+00:00,95.0,0.0,132.0,0.012,0.0001
2019-11-29 00:00:00+00:00,63.0,32.0,8.0,0.0006,0.0005
2019-11-30 00:00:00+00:00,39.0,70.0,0.0,0.0,0.0005
2019-12-01 00:00:00+00:00,33.0,21.0,0.0,0.0,0.0003
2019-12-02 00:00:00+00:00,53.0,27.0,9.0,0.0009,0.0003
2019-12-03 00:00:00+00:00,39.0,72.0,0.0,0.0,0.0005
2019-12-04 00:00:00+00:00,29.0,72.0,0.0,0.0,0.0005
2019-12-05 00:00:00+00:00,23.0,47.0,0.0,0.0,0.0004
2019-12-06 00:00:00+00:00,68.0,0.0,123.0,0.0102,0.0001
2019-12-07 00:00:00+00:00,91.0,0.0,0.0,0.0,0.0002
2019-12-08 00:00:00+00:00,92.0,33.0,24.0,0.0023,0.0004
2019-12-09 00:00:00+00:00,71.0,8.0,72.0,0.0079,0.0002
2019-12-10 00:00:00+00:00,56.0,39.0,4.0,0.0005,0.0004
2019-12-11 00:00:00+00:00,68.0,9.0,34.0,0.0022,0.0003
2019-12-12 00:00:00+00:00,47.0,49.0,28.0,0.0018,0.0004
2019-12-13 00:00:00+00:00,63.0,2.0,65.0,0.0094,0.0001
2019-12-14 00:00:00+00:00,65.0,22.0,55.0,0.0076,0.0003
2019-12-15 00:00:00+00:00,73.0,29.0,21.0,0.004,0.0003
2019-12-16 00:00:00+00:00,76.0,0.0,60.0,0.0024,0.0001
2019-12-17 00:00:00+00:00,97.0,22.0,37.0,0.0017,0.0003
2019-12-18 00:00:00+00:00,72.0,54.0,6.0,0.0002,0.0005
2019-12-19 00:00:00+00:00,113.0,13.0,3.0,0.0001,0.0002
2019-12-20 00:00:00+00:00,105.0,2.0,36.0,0.0024,0.0001
2019-12-21 00:00:00+00:00,79.0,0.0,25.0,0.0023,0.0002
2019-12-22 00:00:00+00:00,83.0,2.0,84.0,0.0043,0.0001
2019-12-23 00:00:00+00:00,80.0,21.0,17.0,0.0012,0.0003
2019-12-24 00:00:00+00:00,92.0,40.0,33.0,0.0029,0.0004
2019-12-25 00:00:00+00:00,65.0,17.0,3.0,0.0005,0.0002
2019-12-26 00:00:00+00:00,49.0,10.0,56.0,0.0058,0.0002
2019-12-27 00:00:00+00:00,60.0,17.0,0.0,0.0,0.0002
2019-12-28 00:00:00+00:00,45.0,18.0,0.0,0.0,0.0003
2019-12-29 00:00:00+00:00,33.0,23.0,0.0,0.0,0.0003
2019-12-30 00:00:00+00:00,42.0,65.0,0.0,0.0,0.0005
2019-12-31 00:00:00+00:00,43.0,30.0,0.0,0.0,0.0004
2020-01-01 00:00:00+00:00,30.0,0.0,0.0,0.0,0.0002
2020-01-02 00:00:00+00:00,51.0,0.0,0.0,0.0,0.0001
2020-01-03 00:00:00+00:00,82.0,5.0,35.0,0.0015,0.0002
2020-01-04 00:00:00+00:00,66.0,41.0,0.0,0.0,0.0004
2020-01-05 00:00:00+00:00,70.0,0.0,0.0,0.0,0.0001
2020-01-06 00:00:00+00:00,63.0,62.0,8.0,0.0003,0.0005
2020-01-07 00:00:00+00:00,69.0,20.0,0.0,0.0,0.0003
2020-01-08 00:00:00+00:00,107.0,2.0,48.0,0.0023,0.0002
2020-01-09 00:00:00+00:00,119.0,0.0,26.0,0.0025,0.0001
2020-01-10 00:00:00+00:00,74.0,34.0,10.0,0.0005,0.0004
2020-01-11 00:00:00+00:00,64.0,18.0,0.0,0.0,0.0003
2020-01-12 00:00:00+00:00,78.0,5.0,4.0,0.0002,0.0002
2020-01-13 00:00:00+00:00,79.0,29.0,9.0,0.0003,0.0004
2020-01-14 00:00:00+00:00,107.0,0.0,90.0,0.0052,0.0002
2020-01-15 00:00:00+00:00,91.0,2.0,32.0,0.0023,0.0001
2020-01-16 00:00:00+00:00,77.0,69.0,0.0,0.0,0.0006
2020-01-17 00:00:00+00:00,85.0,20.0,14.0,0.0015,0.0003
2020-01-18 00:00:00+00:00,50.0,47.0,8.0,0.0007,0.0005
2020-01-19 00:00:00+00:00,52.0,69.0,16.0,0.0021,0.0006
2020-01-20 00:00:00+00:00,34.0,0.0,0.0,0.0,0.0002
2020-01-21 00:00:00+00:00,14.0,0.0,0.0,0.0,0.0002
2020-01-22 00:00:00+00:00,35.0,0.0,0.0,0.0,0.0002
2020-01-23 00:00:00+00:00,50.0,40.0,0.0,0.0,0.0005
2020-01-24 00:00:00+00:00,27.0,0.0,0.0,0.0,0.0001
2020-01-25 00:00:00+00:00,21.0,0.0,0.0,0.0,0.0002
2020-01-26 00:00:00+00:00,62.0,32.0,32.0,0.0035,0.0005
2020-01-27 00:00:00+00:00,83.0,5.0,43.0,0.0054,0.0004
2020-01-28 00:00:00+00:00,54.0,36.0,75.0,0.011,0.0005
2020-01-29 00:00:00+00:00,61.0,57.0,1.0,0.0001,0.0007
2020-01-30 00:00:00+00:00,83.0,11.0,30.0,0.0019,0.0003
2020-01-31 00:00:00+00:00,110.0,3.0,1.0,0.0001,0.0003
2020-02-01 00:00:00+00:00,103.0,39.0,16.0,0.001,0.0006
2020-02-02 00:00:00+00:00,94.0,2.0,44.0,0.0026,0.0003
2020-02-03 00:00:00+00:00,93.0,9.0,35.0,0.0044,0.0005
2020-02-04 00:00:00+00:00,62.0,17.0,22.0,0.0009,0.0004
2020-02-05 00:00:00+00:00,57.0,5.0,0.0,0.0,0.0004
2020-02-06 00:00:00+00:00,48.0,61.0,0.0,0.0,0.0007
2020-02-07 00:00:00+00:00,51.0,84.0,0.0,0.0,0.001
2020-02-08 00:00:00+00:00,84.0,0.0,8.0,0.0002,0.0003
2020-02-09 00:00:00+00:00,101.0,0.0,42.0,0.0039,0.0003
2020-02-10 00:00:00+00:00,79.0,29.0,19.0,0.0074,0.0007
2020-02-11 00:00:00+00:00,61.0,28.0,0.0,0.0,0.0006
2020-02-12 00:00:00+00:00,57.0,58.0,0.0,0.0,0.0009
2020-02-13 00:00:00+00:00,67.0,26.0,74.0,0.0104,0.0005
2020-02-14 00:00:00+00:00,79.0,26.0,0.0,0.0,0.0007
2020-02-15 00:00:00+00:00,107.0,13.0,0.0,0.0,0.0006
2020-02-16 00:00:00+00:00,119.0,0.0,62.0,0.0117,0.0004
2020-02-17 00:00:00+00:00,79.0,46.0,18.0,0.0013,0.0007
2020-02-18 00:00:00+00:00,75.0,66.0,32.0,0.0119,0.0009
2020-02-19 00:00:00+00:00,66.0,58.0,18.0,0.0005,0.001
2020-02-20 00:00:00+00:00,82.0,6.0,40.0,0.0095,0.0005
2020-02-21 00:00:00+00:00,73.0,23.0,0.0,0.0,0.0007
2020-02-22 00:00:00+00:00,91.0,0.0,6.0,0.0005,0.0003
2020-02-23 00:00:00+00:00,97.0,3.0,73.0,0.0104,0.0002
2020-02-24 00:00:00+00:00,84.0,0.0,71.0,0.0059,0.0003
2020-02-25 00:00:00+00:00,65.0,54.0,56.0,0.012,0.001
2020-02-26 00:00:00+00:00,46.0,25.0,75.0,0.0069,0.0006
2020-02-27 00:00:00+00:00,36.0,3.0,117.0,0.0115,0.0003
2020-02-28 00:00:00+00:00,51.0,7.0,58.0,0.0079,0.0005
2020-02-29 00:00:00+00:00,84.0,43.0,13.0,0.0008,0.0008
2020-03-01 00:00:00+00:00,60.0,31.0,21.0,0.0018,0.0008
2020-03-02 00:00:00+00:00,57.0,2.0,100.0,0.0084,0.0005
2020-03-03 00:00:00+00:00,52.0,76.0,4.0,0.0003,0.0013
2020-03-04 00:00:00+00:00,67.0,53.0,33.0,0.0021,0.0012
2020-03-05 00:00:00+00:00,59.0,0.0,184.0,0.0248,0.0002
2020-03-06 00:00:00+00:00,61.0,6.0,138.0,0.0116,0.0003
2020-03-07 00:00:00+00:00,69.0,50.0,0.0,0.0,0.0012
2020-03-08 00:00:00+00:00,88.0,10.0,9.0,0.0007,0.0007
2020-03-09 00:00:00+00:00,78.0,48.0,34.0,0.0039,0.0012
2020-03-10 00:00:00+00:00,107.0,2.0,114.0,0.0139,0.0004
2020-03-11 00:00:00+00:00,111.0,36.0,80.0,0.0135,0.0011
2020-03-12 00:00:00+00:00,86.0,100.0,10.0,0.0005,0.0019
2020-03-13 00:00:00+00:00,76.0,37.0,6.0,0.0011,0.0012
2020-03-14 00:00:00+00:00,77.0,31.0,4.0,0.0002,0.0012
2020-03-15 00:00:00+00:00,97.0,8.0,0.0,0.0,0.0007
2020-03-16 00:00:00+00:00,74.0,80.0,0.0,0.0,0.0017
2020-03-17 00:00:00+00:00,84.0,101.0,0.0,0.0,0.0022
2020-03-18 00:00:00+00:00,102.0,64.0,0.0,0.0,0.0017
2020-03-19 00:00:00+00:00,91.0,12.0,0.0,0.0,0.0009
2020-03-20 00:00:00+00:00,73.0,0.0,12.0,0.0005,0.0005
2020-03-21 00:00:00+00:00,57.0,113.0,0.0,0.0,0.0023
2020-03-22 00:00:00+00:00,55.0,115.0,0.0,0.0,0.0024
2020-03-23 00:00:00+00:00,56.0,113.0,0.0,0.0,0.0024
2020-03-24 00:00:00+00:00,60.0,107.0,0.0,0.0,0.0023
2020-03-25 00:00:00+00:00,63.0,117.0,0.0,0.0,0.0025
2020-03-26 00:00:00+00:00,72.0,115.0,0.0,0.0,0.0025
2020-03-27 00:00:00+00:00,83.0,117.0,0.0,0.0,0.0024
2020-03-28 00:00:00+00:00,80.0,109.0,0.0,0.0,0.0023
2020-03-29 00:00:00+00:00,54.0,110.0,10.0,0.0018,0.0023
2020-03-30 00:00:00+00:00,51.0,77.0,3.0,0.0004,0.0018
2020-03-31 00:00:00+00:00,57.0,119.0,0.0,0.0,0.0026
2020-04-01 00:00:00+00:00,48.0,116.0,0.0,0.0,0.0025
2020-04-02 00:00:00+00:00,77.0,34.0,3.0,0.0005,0.0016
2020-04-03 00:00:00+00:00,85.0,99.0,0.0,0.0,0.0027
2020-04-04 00:00:00+00:00,101.0,118.0,0.0,0.0,0.0029
2020-04-05 00:00:00+00:00,141.0,121.0,0.0,0.0,0.0034
2020-04-06 00:00:00+00:00,136.0,80.0,0.0,0.0,0.0025
2020-04-07 00:00:00+00:00,130.0,118.0,0.0,0.0,0.0033
2020-04-08 00:00:00+00:00,146.0,109.0,0.0,0.0,0.0032
2020-04-09 00:00:00+00:00,141.0,82.0,0.0,0.0,0.0029
2020-04-10 00:00:00+00:00,136.0,125.0,0.0,0.0,0.0034
2020-04-11 00:00:00+00:00,128.0,127.0,0.0,0.0,0.0035
2020-04-12 00:00:00+00:00,147.0,105.0,0.0,0.0,0.0031
2020-04-13 00:00:00+00:00,87.0,82.0,0.0,0.0,0.0026
2020-04-14 00:00:00+00:00,71.0,44.0,0.0,0.0,0.0018
2020-04-15 00:00:00+00:00,96.0,126.0,0.0,0.0,0.0031
2020-04-16 00:00:00+00:00,140.0,116.0,0.0,0.0,0.0034
2020-04-17 00:00:00+00:00,127.0,117.0,0.0,0.0,0.0033
2020-04-18 00:00:00+00:00,99.0,1.0,19.0,0.0031,0.0009
2020-04-19 00:00:00+00:00,133.0,119.0,0.0,0.0,0.0036
2020-04-20 00:00:00+00:00,136.0,132.0,0.0,0.0,0.0039
2020-04-21 00:00:00+00:00,146.0,135.0,0.0,0.0,0.0039
2020-04-22 00:00:00+00:00,158.0,135.0,0.0,0.0,0.0041
2020-04-23 00:00:00+00:00,140.0,133.0,0.0,0.0,0.0039
2020-04-24 00:00:00+00:00,114.0,118.0,0.0,0.0,0.0036
2020-04-25 00:00:00+00:00,98.0,92.0,0.0,0.0,0.0032
2020-04-26 00:00:00+00:00,94.0,135.0,0.0,0.0,0.0037
2020-04-27 00:00:00+00:00,129.0,113.0,0.0,0.0,0.0036
2020-04-28 00:00:00+00:00,108.0,16.0,54.0,0.003,0.0007
2020-04-29 00:00:00+00:00,121.0,18.0,51.0,0.0034,0.0015
2020-04-30 00:00:00+00:00,114.0,68.0,16.0,0.0052,0.0027
2020-05-01 00:00:00+00:00,107.0,75.0,21.0,0.0037,0.0026
2020-05-02 00:00:00+00:00,104.0,97.0,23.0,0.0082,0.0031
2020-05-03 00:00:00+00:00,120.0,21.0,0.0,0.0,0.0022
2020-05-04 00:00:00+00:00,123.0,88.0,6.0,0.0002,0.0033
2020-05-05 00:00:00+00:00,107.0,144.0,0.0,0.0,0.0041
2020-05-06 00:00:00+00:00,119.0,142.0,0.0,0.0,0.0042
2020-05-07 00:00:00+00:00,138.0,135.0,0.0,0.0,0.0041
2020-05-08 00:00:00+00:00,155.0,104.0,0.0,0.0,0.0039
2020-05-09 00:00:00+00:00,183.0,136.0,0.0,0.0,0.0047
2020-05-10 00:00:00+00:00,139.0,16.0,0.0,0.0,0.0018
2020-05-11 00:00:00+00:00,92.0,124.0,0.0,0.0,0.0036
2020-05-12 00:00:00+00:00,91.0,95.0,2.0,0.0001,0.0035
2020-05-13 00:00:00+00:00,91.0,122.0,2.0,0.0002,0.0034
2020-05-14 00:00:00+00:00,93.0,133.0,0.0,0.0,0.0038
2020-05-15 00:00:00+00:00,98.0,146.0,0.0,0.0,0.0042
2020-05-16 00:00:00+00:00,106.0,106.0,0.0,0.0,0.0034
2020-05-17 00:00:00+00:00,135.0,122.0,0.0,0.0,0.0043
2020-05-18 00:00:00+00:00,151.0,128.0,0.0,0.0,0.0045
2020-05-19 00:00:00+00:00,154.0,128.0,0.0,0.0,0.0045
2020-05-20 00:00:00+00:00,182.0,127.0,0.0,0.0,0.0047
2020-05-21 00:00:00+00:00,207.0,134.0,0.0,0.0,0.0049
2020-05-22 00:00:00+00:00,187.0,37.0,17.0,0.0009,0.0027
2020-05-23 00:00:00+00:00,153.0,99.0,0.0,0.0,0.0042
2020-05-24 00:00:00+00:00,140.0,13.0,0.0,0.0,0.0011
2020-05-25 00:00:00+00:00,153.0,149.0,0.0,0.0,0.0048
2020-05-26 00:00:00+00:00,165.0,139.0,0.0,0.0,0.0048
2020-05-27 00:00:00+00:00,154.0,148.0,0.0,0.0,0.0049
2020-05-28 00:00:00+00:00,158.0,152.0,0.0,0.0,0.0051
2020-05-29 00:00:00+00:00,161.0,150.0,0.0,0.0,0.0051
2020-05-30 00:00:00+00:00,189.0,150.0,0.0,0.0,0.0053
2020-05-31 00:00:00+00:00,180.0,150.0,0.0,0.0,0.0051
2020-06-01 00:00:00+00:00,187.0,114.0,0.0,0.0,0.0049
2020-06-02 00:00:00+00:00,174.0,141.0,0.0,0.0,0.005
2020-06-03 00:00:00+00:00,152.0,76.0,0.0,0.0,0.0037
2020-06-04 00:00:00+00:00,130.0,21.0,3.0,0.0001,0.002
2020-06-05 00:00:00+00:00,104.0,41.0,85.0,0.016,0.0019
2020-06-06 00:00:00+00:00,117.0,66.0,28.0,0.0051,0.0029
2020-06-07 00:00:00+00:00,130.0,72.0,4.0,0.0004,0.0033
2020-06-08 00:00:00+00:00,134.0,38.0,7.0,0.0008,0.0026
2020-06-09 00:00:00+00:00,133.0,84.0,0.0,0.0,0.0037
2020-06-10 00:00:00+00:00,141.0,90.0,2.0,0.0001,0.0034
2020-06-11 00:00:00+00:00,163.0,55.0,10.0,0.0003,0.0032
2020-06-12 00:00:00+00:00,191.0,63.0,16.0,0.0058,0.0035
2020-06-13 00:00:00+00:00,195.0,138.0,0.0,0.0,0.0051
2020-06-14 00:00:00+00:00,180.0,72.0,0.0,0.0,0.0043
2020-06-15 00:00:00+00:00,193.0,79.0,5.0,0.0001,0.0037
2020-06-16 00:00:00+00:00,189.0,64.0,0.0,0.0,0.0035
2020-06-17 00:00:00+00:00,188.0,70.0,73.0,0.013,0.0036
2020-06-18 00:00:00+00:00,170.0,77.0,42.0,0.0031,0.0034
2020-06-19 00:00:00+00:00,166.0,95.0,10.0,0.001,0.0033
2020-06-20 00:00:00+00:00,169.0,126.0,0.0,0.0,0.0045
2020-06-21 00:00:00+00:00,186.0,79.0,0.0,0.0,0.0035
2020-06-22 00:00:00+00:00,170.0,153.0,0.0,0.0,0.0052
2020-06-23 00:00:00+00:00,198.0,155.0,0.0,0.0,0.0053
2020-06-24 00:00:00+00:00,240.0,155.0,0.0,0.0,0.0058
2020-06-25 00:00:00+00:00,246.0,155.0,0.0,0.0,0.0058
2020-06-26 00:00:00+00:00,237.0,86.0,0.0,0.0,0.0043
2020-06-27 00:00:00+00:00,197.0,48.0,13.0,0.0011,0.0027
2020-06-28 00:00:00+00:00,177.0,115.0,0.0,0.0,0.0043
2020-06-29 00:00:00+00:00,160.0,58.0,0.0,0.0,0.0027
2020-06-30 00:00:00+00:00,163.0,10.0,83.0,0.0068,0.0015
2020-07-01 00:00:00+00:00,176.0,70.0,74.0,0.0117,0.0035
2020-07-02 00:00:00+00:00,169.0,82.0,0.0,0.0,0.0037
2020-07-03 00:00:00+00:00,173.0,84.0,0.0,0.0,0.004
2020-07-04 00:00:00+00:00,171.0,1.0,55.0,0.0053,0.0011
2020-07-05 00:00:00+00:00,176.0,52.0,16.0,0.0006,0.0027
2020-07-06 00:00:00+00:00,157.0,60.0,0.0,0.0,0.0034
2020-07-07 00:00:00+00:00,166.0,93.0,11.0,0.0005,0.0043
2020-07-08 00:00:00+00:00,160.0,0.0,124.0,0.0124,0.0012
2020-07-09 00:00:00+00:00,173.0,4.0,41.0,0.0025,0.0014
2020-07-10 00:00:00+00:00,151.0,67.0,36.0,0.0026,0.0029
2020-07-11 00:00:00+00:00,144.0,125.0,0.0,0.0,0.0039
2020-07-12 00:00:00+00:00,156.0,147.0,0.0,0.0,0.0048
2020-07-13 00:00:00+00:00,180.0,143.0,0.0,0.0,0.005
2020-07-14 00:00:00+00:00,156.0,2.0,30.0,0.0024,0.0013
2020-07-15 00:00:00+00:00,157.0,68.0,9.0,0.0005,0.0026
2020-07-16 00:00:00+00:00,165.0,29.0,17.0,0.0015,0.0024
2020-07-17 00:00:00+00:00,187.0,62.0,4.0,0.0001,0.003
2020-07-18 00:00:00+00:00,188.0,121.0,0.0,0.0,0.0045
2020-07-19 00:00:00+00:00,165.0,16.0,12.0,0.0003,0.0025
2020-07-20 00:00:00+00:00,162.0,147.0,0.0,0.0,0.0049
2020-07-21 00:00:00+00:00,148.0,137.0,0.0,0.0,0.0041
2020-07-22 00:00:00+00:00,155.0,138.0,0.0,0.0,0.0046
2020-07-23 00:00:00+00:00,190.0,116.0,0.0,0.0,0.0044
2020-07-24 00:00:00+00:00,189.0,43.0,0.0,0.0,0.0028
2020-07-25 00:00:00+00:00,183.0,14.0,82.0,0.0194,0.0019
2020-07-26 00:00:00+00:00,182.0,98.0,0.0,0.0,0.0038
2020-07-27 00:00:00+00:00,190.0,33.0,21.0,0.0018,0.0023
2020-07-28 00:00:00+00:00,174.0,76.0,6.0,0.0005,0.0035
2020-07-29 00:00:00+00:00,167.0,110.0,0.0,0.0,0.0039
2020-07-30 00:00:00+00:00,204.0,133.0,0.0,0.0,0.0047
2020-07-31 00:00:00+00:00,261.0,140.0,6.0,0.0016,0.0053
2020-08-01 00:00:00+00:00,200.0,89.0,2.0,0.0001,0.0034
2020-08-02 00:00:00+00:00,176.0,99.0,0.0,0.0,0.0039
2020-08-03 00:00:00+00:00,164.0,40.0,13.0,0.003,0.0021
2020-08-04 00:00:00+00:00,174.0,125.0,0.0,0.0,0.0043
2020-08-05 00:00:00+00:00,206.0,140.0,0.0,0.0,0.0047
2020-08-06 00:00:00+00:00,220.0,124.0,0.0,0.0,0.0046
2020-08-07 00:00:00+00:00,262.0,140.0,0.0,0.0,0.005
2020-08-08 00:00:00+00:00,266.0,97.0,0.0,0.0,0.0044
2020-08-09 00:00:00+00:00,271.0,119.0,0.0,0.0,0.0046
2020-08-10 00:00:00+00:00,265.0,98.0,0.0,0.0,0.0043
2020-08-11 00:00:00+00:00,249.0,66.0,3.0,0.0001,0.0023
2020-08-12 00:00:00+00:00,257.0,127.0,0.0,0.0,0.0044
2020-08-13 00:00:00+00:00,239.0,60.0,3.0,0.0002,0.0034
2020-08-14 00:00:00+00:00,205.0,45.0,19.0,0.0041,0.0019
2020-08-15 00:00:00+00:00,216.0,50.0,0.0,0.0,0.0025
2020-08-16 00:00:00+00:00,214.0,56.0,22.0,0.0058,0.0027
2020-08-17 00:00:00+00:00,196.0,70.0,7.0,0.0005,0.0031
2020-08-18 00:00:00+00:00,191.0,116.0,1.0,0.0001,0.0035
2020-08-19 00:00:00+00:00,214.0,60.0,38.0,0.0048,0.0031
2020-08-20 00:00:00+00:00,234.0,46.0,18.0,0.0053,0.0024
2020-08-21 00:00:00+00:00,234.0,109.0,0.0,0.0,0.004
2020-08-22 00:00:00+00:00,187.0,79.0,7.0,0.0061,0.0027
2020-08-23 00:00:00+00:00,175.0,37.0,13.0,0.0014,0.002
2020-08-24 00:00:00+00:00,172.0,78.0,13.0,0.004,0.003
2020-08-25 00:00:00+00:00,179.0,28.0,23.0,0.0016,0.0014
2020-08-26 00:00:00+00:00,174.0,0.0,3.0,0.0004,0.0007
2020-08-27 00:00:00+00:00,171.0,22.0,10.0,0.0017,0.002
2020-08-28 00:00:00+00:00,167.0,70.0,1.0,0.0008,0.0024
2020-08-29 00:00:00+00:00,150.0,50.0,16.0,0.0027,0.0021
2020-08-30 00:00:00+00:00,155.0,11.0,34.0,0.0169,0.0012
2020-08-31 00:00:00+00:00,156.0,49.0,0.0,0.0,0.0024
2020-09-01 00:00:00+00:00,148.0,14.0,0.0,0.0,0.0017
2020-09-02 00:00:00+00:00,156.0,61.0,0.0,0.0,0.0022
2020-09-03 00:00:00+00:00,179.0,11.0,36.0,0.0028,0.0014
2020-09-04 00:00:00+00:00,171.0,54.0,10.0,0.0006,0.0024
2020-09-05 00:00:00+00:00,153.0,91.0,3.0,0.0004,0.0026
2020-09-06 00:00:00+00:00,146.0,96.0,0.0,0.0,0.0026
2020-09-07 00:00:00+00:00,162.0,90.0,0.0,0.0,0.0026
2020-09-08 00:00:00+00:00,176.0,3.0,16.0,0.0008,0.0007
2020-09-09 00:00:00+00:00,180.0,30.0,6.0,0.001,0.0017
2020-09-10 00:00:00+00:00,149.0,101.0,0.0,0.0,0.0024
2020-09-11 00:00:00+00:00,153.0,101.0,0.0,0.0,0.0025
2020-09-12 00:00:00+00:00,158.0,65.0,0.0,0.0,0.0021
2020-09-13 00:00:00+00:00,170.0,100.0,0.0,0.0,0.0027
2020-09-14 00:00:00+00:00,210.0,117.0,0.0,0.0,0.0029
2020-09-15 00:00:00+00:00,228.0,112.0,0.0,0.0,0.0029
2020-09-16 00:00:00+00:00,188.0,83.0,0.0,0.0,0.0024
2020-09-17 00:00:00+00:00,159.0,112.0,0.0,0.0,0.0026
2020-09-18 00:00:00+00:00,165.0,110.0,0.0,0.0,0.0026
2020-09-19 00:00:00+00:00,182.0,115.0,0.0,0.0,0.0027
2020-09-20 00:00:00+00:00,172.0,112.0,0.0,0.0,0.0028
2020-09-21 00:00:00+00:00,157.0,112.0,0.0,0.0,0.0026
2020-09-22 00:00:00+00:00,157.0,99.0,0.0,0.0,0.0025
2020-09-23 00:00:00+00:00,167.0,20.0,61.0,0.0151,0.0012
2020-09-24 00:00:00+00:00,136.0,57.0,16.0,0.0013,0.0016
2020-09-25 00:00:00+00:00,111.0,38.0,113.0,0.0249,0.0011
2020-09-26 00:00:00+00:00,127.0,36.0,154.0,0.077,0.0009
2020-09-27 00:00:00+00:00,150.0,24.0,73.0,0.0056,0.0013
2020-09-28 00:00:00+00:00,150.0,0.0,176.0,0.0125,0.0002
2020-09-29 00:00:00+00:00,147.0,41.0,10.0,0.0028,0.0015
2020-09-30 00:00:00+00:00,159.0,11.0,22.0,0.0018,0.0009
2020-10-01 00:00:00+00:00,135.0,10.0,104.0,0.012,0.0005
2020-10-02 00:00:00+00:00,129.0,5.0,27.0,0.0009,0.0007
2020-10-03 00:00:00+00:00,127.0,3.0,70.0,0.0039,0.0005
2020-10-04 00:00:00+00:00,120.0,37.0,39.0,0.0054,0.0013
2020-10-05 00:00:00+00:00,128.0,26.0,72.0,0.0068,0.001
2020-10-06 00:00:00+00:00,134.0,52.0,52.0,0.0131,0.0013
2020-10-07 00:00:00+00:00,127.0,32.0,9.0,0.0013,0.0011
2020-10-08 00:00:00+00:00,139.0,4.0,77.0,0.0096,0.0004
2020-10-09 00:00:00+00:00,120.0,42.0,25.0,0.0054,0.0012
2020-10-10 00:00:00+00:00,98.0,46.0,29.0,0.0041,0.0011
2020-10-11 00:00:00+00:00,105.0,67.0,42.0,0.009,0.0013
2020-10-12 00:00:00+00:00,112.0,53.0,11.0,0.001,0.0013
2020-10-13 00:00:00+00:00,104.0,7.0,28.0,0.0008,0.0006
2020-10-14 00:00:00+00:00,99.0,9.0,0.0,0.0,0.0008
2020-10-15 00:00:00+00:00,102.0,59.0,0.0,0.0,0.0012
2020-10-16 00:00:00+00:00,84.0,63.0,0.0,0.0,0.0012
2020-10-17 00:00:00+00:00,82.0,7.0,13.0,0.0004,0.0005
2020-10-18 00:00:00+00:00,99.0,7.0,18.0,0.0019,0.0006
2020-10-19 00:00:00+00:00,108.0,44.0,0.0,0.0,0.001
2020-10-20 00:00:00+00:00,131.0,0.0,5.0,0.0002,0.0004
2020-10-21 00:00:00+00:00,156.0,24.0,77.0,0.0107,0.0007
2020-10-22 00:00:00+00:00,135.0,49.0,3.0,0.001,0.0009
2020-10-23 00:00:00+00:00,126.0,42.0,0.0,0.0,0.0009
2020-10-24 00:00:00+00:00,143.0,24.0,0.0,0.0,0.0009
2020-10-25 00:00:00+00:00,120.0,10.0,17.0,0.0028,0.0004
2020-10-26 00:00:00+00:00,102.0,65.0,8.0,0.0005,0.0011
2020-10-27 00:00:00+00:00,102.0,10.0,20.0,0.0013,0.0006
2020-10-28 00:00:00+00:00,103.0,18.0,58.0,0.0096,0.0004
2020-10-29 00:00:00+00:00,116.0,5.0,39.0,0.0027,0.0005
2020-10-30 00:00:00+00:00,146.0,2.0,0.0,0.0,0.0004
2020-10-31 00:00:00+00:00,133.0,11.0,7.0,0.0013,0.0006
2020-11-01 00:00:00+00:00,149.0,9.0,12.0,0.0005,0.0005
2020-11-02 00:00:00+00:00,152.0,15.0,18.0,0.0017,0.0003
2020-11-03 00:00:00+00:00,89.0,52.0,0.0,0.0,0.0008
2020-11-04 00:00:00+00:00,69.0,85.0,0.0,0.0,0.001
2020-11-05 00:00:00+00:00,70.0,75.0,0.0,0.0,0.0009
2020-11-06 00:00:00+00:00,71.0,82.0,0.0,0.0,0.0009
2020-11-07 00:00:00+00:00,79.0,68.0,0.0,0.0,0.0008
2020-11-08 00:00:00+00:00,107.0,52.0,0.0,0.0,0.0008
2020-11-09 00:00:00+00:00,115.0,50.0,0.0,0.0,0.0009
2020-11-10 00:00:00+00:00,117.0,26.0,12.0,0.001,0.0006
2020-11-11 00:00:00+00:00,113.0,13.0,0.0,0.0,0.0004
2020-11-12 00:00:00+00:00,108.0,62.0,14.0,0.0027,0.0008
2020-11-13 00:00:00+00:00,106.0,15.0,0.0,0.0,0.0003
2020-11-14 00:00:00+00:00,128.0,27.0,6.0,0.0007,0.0006
2020-11-15 00:00:00+00:00,125.0,12.0,47.0,0.0057,0.0002
2020-11-16 00:00:00+00:00,103.0,0.0,3.0,0.0001,0.0002
2020-11-17 00:00:00+00:00,120.0,3.0,8.0,0.0001,0.0003
2020-11-18 00:00:00+00:00,127.0,74.0,4.0,0.0002,0.0008
2020-11-19 00:00:00+00:00,90.0,8.0,26.0,0.004,0.0003
2020-11-20 00:00:00+00:00,63.0,25.0,7.0,0.0008,0.0004
2020-11-21 00:00:00+00:00,94.0,7.0,0.0,0.0,0.0003
2020-11-22 00:00:00+00:00,92.0,12.0,29.0,0.002,0.0002
2020-11-23 00:00:00+00:00,75.0,60.0,0.0,0.0,0.0006
2020-11-24 00:00:00+00:00,82.0,24.0,0.0,0.0,0.0004
2020-11-25 00:00:00+00:00,78.0,55.0,0.0,0.0,0.0005
2020-11-26 00:00:00+00:00,89.0,0.0,17.0,0.0012,0.0001
2020-11-27 00:00:00+00:00,77.0,0.0,0.0,0.0,0.0001
2020-11-28 00:00:00+00:00,59.0,70.0,0.0,0.0,0.0005
2020-11-29 00:00:00+00:00,28.0,0.0,0.0,0.0,0.0001
2020-11-30 00:00:00+00:00,50.0,0.0,42.0,0.0042,0.0001
2020-12-01 00:00:00+00:00,87.0,16.0,30.0,0.0039,0.0003
2020-12-02 00:00:00+00:00,66.0,3.0,0.0,0.0,0.0003
2020-12-03 00:00:00+00:00,62.0,0.0,25.0,0.0017,0.0001
2020-12-04 00:00:00+00:00,58.0,7.0,28.0,0.0012,0.0002
2020-12-05 00:00:00+00:00,43.0,24.0,0.0,0.0,0.0003
2020-12-06 00:00:00+00:00,21.0,0.0,0.0,0.0,0.0002
2020-12-07 00:00:00+00:00,26.0,19.0,0.0,0.0,0.0003
2020-12-08 00:00:00+00:00,25.0,24.0,0.0,0.0,0.0003
2020-12-09 00:00:00+00:00,24.0,2.0,0.0,0.0,0.0001
2020-12-10 00:00:00+00:00,35.0,20.0,0.0,0.0,0.0003
2020-12-11 00:00:00+00:00,47.0,0.0,73.0,0.0027,0.0001
2020-12-12 00:00:00+00:00,82.0,5.0,0.0,0.0,0.0003
2020-12-13 00:00:00+00:00,71.0,24.0,8.0,0.0003,0.0003
2020-12-14 00:00:00+00:00,103.0,26.0,13.0,0.0014,0.0004
2020-12-15 00:00:00+00:00,93.0,28.0,0.0,0.0,0.0003
2020-12-16 00:00:00+00:00,83.0,51.0,0.0,0.0,0.0004
2020-12-17 00:00:00+00:00,90.0,25.0,25.0,0.0013,0.0004
2020-12-18 00:00:00+00:00,91.0,58.0,0.0,0.0,0.0005
2020-12-19 00:00:00+00:00,94.0,15.0,5.0,0.0003,0.0002
2020-12-20 00:00:00+00:00,87.0,38.0,2.0,0.0001,0.0004
2020-12-21 00:00:00+00:00,92.0,0.0,110.0,0.0128,0.0001
2020-12-22 00:00:00+00:00,113.0,0.0,18.0,0.0009,0.0001
2020-12-23 00:00:00+00:00,115.0,5.0,71.0,0.0196,0.0001
2020-12-24 00:00:00+00:00,62.0,11.0,19.0,0.0022,0.0002
2020-12-25 00:00:00+00:00,44.0,34.0,25.0,0.0029,0.0003
2020-12-26 00:00:00+00:00,50.0,5.0,2.0,0.0001,0.0002
2020-12-27 00:00:00+00:00,58.0,0.0,70.0,0.0087,0.0001
2020-12-28 00:00:00+00:00,34.0,21.0,5.0,0.0002,0.0002
2020-12-29 00:00:00+00:00,34.0,7.0,5.0,0.0003,0.0002
2020-12-30 00:00:00+00:00,46.0,5.0,21.0,0.0042,0.0002
2020-12-31 00:00:00+00:00,31.0,27.0,0.0,0.0,0.0003
2021-01-01 00:00:00+00:00,34.0,22.0,11.0,0.0013,0.0003
2021-01-02 00:00:00+00:00,31.0,31.0,2.0,0.0001,0.0003
2021-01-03 00:00:00+00:00,37.0,0.0,0.0,0.0,0.0001
2021-01-04 00:00:00+00:00,33.0,0.0,3.0,0.0001,0.0001
2021-01-05 00:00:00+00:00,31.0,0.0,2.0,0.0001,0.0001
2021-01-06 00:00:00+00:00,26.0,6.0,3.0,0.0001,0.0002
2021-01-07 00:00:00+00:00,27.0,13.0,54.0,0.0078,0.0003
2021-01-08 00:00:00+00:00,27.0,22.0,55.0,0.0053,0.0003
2021-01-09 00:00:00+00:00,14.0,57.0,2.0,0.0003,0.0005
2021-01-10 00:00:00+00:00,29.0,34.0,0.0,0.0,0.0004
2021-01-11 00:00:00+00:00,54.0,4.0,38.0,0.0055,0.0002
2021-01-12 00:00:00+00:00,59.0,28.0,80.0,0.007,0.0004
2021-01-13 00:00:00+00:00,39.0,20.0,0.0,0.0,0.0004
2021-01-14 00:00:00+00:00,21.0,2.0,40.0,0.0017,0.0002
2021-01-15 00:00:00+00:00,15.0,0.0,0.0,0.0,0.0001
2021-01-16 00:00:00+00:00,9.0,2.0,59.0,0.0035,0.0001
2021-01-17 00:00:00+00:00,48.0,29.0,5.0,0.0003,0.0004
2021-01-18 00:00:00+00:00,51.0,5.0,0.0,0.0,0.0003
2021-01-19 00:00:00+00:00,80.0,2.0,69.0,0.0077,0.0002
2021-01-20 00:00:00+00:00,91.0,10.0,0.0,0.0,0.0003
2021-01-21 00:00:00+00:00,66.0,15.0,71.0,0.0107,0.0004
2021-01-22 00:00:00+00:00,42.0,52.0,4.0,0.0014,0.0005
2021-01-23 00:00:00+00:00,35.0,8.0,7.0,0.0005,0.0003
2021-01-24 00:00:00+00:00,20.0,43.0,58.0,0.0058,0.0004
2021-01-25 00:00:00+00:00,34.0,68.0,0.0,0.0,0.0007
2021-01-26 00:00:00+00:00,42.0,56.0,12.0,0.0004,0.0007
2021-01-27 00:00:00+00:00,50.0,0.0,29.0,0.0007,0.0001
2021-01-28 00:00:00+00:00,81.0,1.0,89.0,0.0124,0.0002
2021-01-29 00:00:00+00:00,88.0,42.0,44.0,0.007,0.0006
2021-01-30 00:00:00+00:00,19.0,0.0,21.0,0.0006,0.0002
2021-01-31 00:00:00+00:00,6.0,53.0,0.0,0.0,0.0006
2021-02-01 00:00:00+00:00,29.0,0.0,18.0,0.0004,0.0002
2021-02-02 00:00:00+00:00,76.0,5.0,75.0,0.0074,0.0003
2021-02-03 00:00:00+00:00,87.0,3.0,59.0,0.006,0.0001
2021-02-04 00:00:00+00:00,73.0,62.0,21.0,0.0023,0.0008
2021-02-05 00:00:00+00:00,80.0,21.0,0.0,0.0,0.0005
2021-02-06 00:00:00+00:00,45.0,0.0,30.0,0.0018,0.0002
2021-02-07 00:00:00+00:00,-29.0,0.0,130.0,0.0057,0.0002
2021-02-08 00:00:00+00:00,-46.0,0.0,17.0,0.0004,0.0003
2021-02-09 00:00:00+00:00,-38.0,80.0,0.0,0.0,0.0007
2021-02-10 00:00:00+00:00,-29.0,84.0,0.0,0.0,0.0008
2021-02-11 00:00:00+00:00,-30.0,89.0,0.0,0.0,0.0008
2021-02-12 00:00:00+00:00,-43.0,90.0,0.0,0.0,0.0008
2021-02-13 00:00:00+00:00,-35.0,90.0,0.0,0.0,0.0009
2021-02-14 00:00:00+00:00,4.0,69.0,0.0,0.0,0.0008
2021-02-15 00:00:00+00:00,37.0,0.0,57.0,0.0052,0.0002
2021-02-16 00:00:00+00:00,76.0,14.0,25.0,0.0029,0.0007
2021-02-17 00:00:00+00:00,96.0,51.0,0.0,0.0,0.0009
2021-02-18 00:00:00+00:00,81.0,4.0,30.0,0.0032,0.0005
2021-02-19 00:00:00+00:00,71.0,60.0,0.0,0.0,0.0009
2021-02-20 00:00:00+00:00,124.0,87.0,0.0,0.0,0.0014
2021-02-21 00:00:00+00:00,113.0,74.0,0.0,0.0,0.0013
2021-02-22 00:00:00+00:00,123.0,27.0,0.0,0.0,0.0009
2021-02-23 00:00:00+00:00,131.0,61.0,0.0,0.0,0.0013
2021-02-24 00:00:00+00:00,142.0,96.0,0.0,0.0,0.0017
2021-02-25 00:00:00+00:00,104.0,54.0,0.0,0.0,0.0013
2021-02-26 00:00:00+00:00,62.0,95.0,0.0,0.0,0.0015
2021-02-27 00:00:00+00:00,34.0,27.0,0.0,0.0,0.0006
2021-02-28 00:00:00+00:00,57.0,98.0,0.0,0.0,0.0015
2021-03-01 00:00:00+00:00,47.0,41.0,0.0,0.0,0.0009
2021-03-02 00:00:00+00:00,65.0,98.0,0.0,0.0,0.0015
2021-03-03 00:00:00+00:00,42.0,4.0,0.0,0.0,0.0007
2021-03-04 00:00:00+00:00,45.0,0.0,1.0,0.0001,0.0003
2021-03-05 00:00:00+00:00,38.0,103.0,0.0,0.0,0.0016
2021-03-06 00:00:00+00:00,33.0,103.0,0.0,0.0,0.0016
2021-03-07 00:00:00+00:00,30.0,54.0,0.0,0.0,0.0012
2021-03-08 00:00:00+00:00,45.0,59.0,7.0,0.0001,0.0013
2021-03-09 00:00:00+00:00,57.0,3.0,18.0,0.001,0.0005
2021-03-10 00:00:00+00:00,65.0,0.0,24.0,0.001,0.0006
2021-03-11 00:00:00+00:00,94.0,58.0,13.0,0.002,0.0014
2021-03-12 00:00:00+00:00,69.0,20.0,21.0,0.0027,0.0007
2021-03-13 00:00:00+00:00,72.0,51.0,26.0,0.0035,0.0013
2021-03-14 00:00:00+00:00,69.0,40.0,32.0,0.0035,0.0012
2021-03-15 00:00:00+00:00,67.0,29.0,26.0,0.0019,0.0011
2021-03-16 00:00:00+00:00,60.0,0.0,57.0,0.0025,0.0005
2021-03-17 00:00:00+00:00,62.0,19.0,17.0,0.0014,0.0008
2021-03-18 00:00:00+00:00,60.0,13.0,6.0,0.0002,0.0009
2021-03-19 00:00:00+00:00,55.0,111.0,0.0,0.0,0.0021
2021-03-20 00:00:00+00:00,53.0,86.0,0.0,0.0,0.0019
2021-03-21 00:00:00+00:00,67.0,4.0,0.0,0.0,0.0009
2021-03-22 00:00:00+00:00,64.0,29.0,0.0,0.0,0.0011
2021-03-23 00:00:00+00:00,69.0,60.0,0.0,0.0,0.0016
2021-03-24 00:00:00+00:00,80.0,108.0,0.0,0.0,0.0022
2021-03-25 00:00:00+00:00,90.0,77.0,0.0,0.0,0.002
2021-03-26 00:00:00+00:00,99.0,94.0,29.0,0.0027,0.0022
2021-03-27 00:00:00+00:00,74.0,85.0,5.0,0.0007,0.0019
2021-03-28 00:00:00+00:00,98.0,59.0,0.0,0.0,0.0016
2021-03-29 00:00:00+00:00,121.0,117.0,0.0,0.0,0.0029
2021-03-30 00:00:00+00:00,140.0,120.0,0.0,0.0,0.003
2021-03-31 00:00:00+00:00,152.0,117.0,0.0,0.0,0.0029
2021-04-01 00:00:00+00:00,99.0,114.0,0.0,0.0,0.0025
2021-04-02 00:00:00+00:00,66.0,29.0,0.0,0.0,0.0011
2021-04-03 00:00:00+00:00,74.0,66.0,0.0,0.0,0.0021
2021-04-04 00:00:00+00:00,61.0,18.0,0.0,0.0,0.0008
2021-04-05 00:00:00+00:00,49.0,51.0,8.0,0.0005,0.0016
2021-04-06 00:00:00+00:00,22.0,47.0,62.0,0.0052,0.0012
2021-04-07 00:00:00+00:00,40.0,29.0,12.0,0.0004,0.0013
2021-04-08 00:00:00+00:00,60.0,58.0,0.0,0.0,0.0019
2021-04-09 00:00:00+00:00,83.0,68.0,0.0,0.0,0.0025
2021-04-10 00:00:00+00:00,57.0,0.0,85.0,0.0071,0.0005
2021-04-11 00:00:00+00:00,49.0,98.0,24.0,0.0007,0.0023
2021-04-12 00:00:00+00:00,38.0,106.0,2.0,0.0002,0.0024
2021-04-13 00:00:00+00:00,51.0,107.0,0.0,0.0,0.0026
2021-04-14 00:00:00+00:00,56.0,96.0,0.0,0.0,0.0026
2021-04-15 00:00:00+00:00,61.0,75.0,0.0,0.0,0.0022
2021-04-16 00:00:00+00:00,75.0,128.0,0.0,0.0,0.003
2021-04-17 00:00:00+00:00,76.0,130.0,0.0,0.0,0.0031
2021-04-18 00:00:00+00:00,72.0,123.0,0.0,0.0,0.003
2021-04-19 00:00:00+00:00,92.0,92.0,0.0,0.0,0.0026
2021-04-20 00:00:00+00:00,103.0,125.0,0.0,0.0,0.0032
2021-04-21 00:00:00+00:00,85.0,100.0,0.0,0.0,0.0029
2021-04-22 00:00:00+00:00,76.0,128.0,0.0,0.0,0.0033
2021-04-23 00:00:00+00:00,86.0,135.0,0.0,0.0,0.0035
2021-04-24 00:00:00+00:00,96.0,122.0,0.0,0.0,0.0034
2021-04-25 00:00:00+00:00,78.0,67.0,0.0,0.0,0.0026
2021-04-26 00:00:00+00:00,86.0,134.0,0.0,0.0,0.0036
2021-04-27 00:00:00+00:00,104.0,103.0,0.0,0.0,0.0034
2021-04-28 00:00:00+00:00,111.0,69.0,0.0,0.0,0.0025
2021-04-29 00:00:00+00:00,71.0,50.0,64.0,0.0112,0.0017
2021-04-30 00:00:00+00:00,69.0,27.0,0.0,0.0,0.0016
2021-05-01 00:00:00+00:00,70.0,104.0,2.0,0.0001,0.0028
2021-05-02 00:00:00+00:00,75.0,123.0,2.0,0.0001,0.0032
2021-05-03 00:00:00+00:00,102.0,47.0,6.0,0.0004,0.0024
2021-05-04 00:00:00+00:00,93.0,47.0,27.0,0.0024,0.0018
2021-05-05 00:00:00+00:00,77.0,99.0,22.0,0.0059,0.0029
2021-05-06 00:00:00+00:00,65.0,52.0,13.0,0.0015,0.0017
2021-05-07 00:00:00+00:00,81.0,121.0,0.0,0.0,0.0032
2021-05-08 00:00:00+00:00,122.0,12.0,35.0,0.0024,0.0013
2021-05-09 00:00:00+00:00,176.0,69.0,15.0,0.0057,0.0033
2021-05-10 00:00:00+00:00,151.0,66.0,12.0,0.0039,0.0031
2021-05-11 00:00:00+00:00,136.0,65.0,7.0,0.0027,0.0026
2021-05-12 00:00:00+00:00,119.0,89.0,5.0,0.0017,0.0028
2021-05-13 00:00:00+00:00,113.0,45.0,5.0,0.0013,0.0025
2021-05-14 00:00:00+00:00,101.0,50.0,0.0,0.0,0.0023
2021-05-15 00:00:00+00:00,107.0,23.0,16.0,0.0045,0.0016
2021-05-16 00:00:00+00:00,116.0,88.0,20.0,0.0036,0.0028
2021-05-17 00:00:00+00:00,113.0,45.0,16.0,0.0027,0.002
2021-05-18 00:00:00+00:00,120.0,120.0,0.0,0.0,0.0038
2021-05-19 00:00:00+00:00,109.0,63.0,2.0,0.0014,0.0023
2021-05-20 00:00:00+00:00,123.0,57.0,0.0,0.0,0.0024
2021-05-21 00:00:00+00:00,125.0,91.0,4.0,0.001,0.0032
2021-05-22 00:00:00+00:00,106.0,15.0,80.0,0.0076,0.0015
2021-05-23 00:00:00+00:00,119.0,65.0,2.0,0.0005,0.0031
2021-05-24 00:00:00+00:00,108.0,29.0,73.0,0.0038,0.0018
2021-05-25 00:00:00+00:00,109.0,46.0,1.0,0.0001,0.0024
2021-05-26 00:00:00+00:00,113.0,58.0,0.0,0.0,0.0027
2021-05-27 00:00:00+00:00,108.0,23.0,0.0,0.0,0.0017
2021-05-28 00:00:00+00:00,128.0,90.0,0.0,0.0,0.0037
2021-05-29 00:00:00+00:00,142.0,150.0,0.0,0.0,0.0049
2021-05-30 00:00:00+00:00,154.0,149.0,0.0,0.0,0.0049
2021-05-31 00:00:00+00:00,184.0,150.0,0.0,0.0,0.0052
2021-06-01 00:00:00+00:00,199.0,150.0,0.0,0.0,0.0055
2021-06-02 00:00:00+00:00,217.0,139.0,0.0,0.0,0.0055
2021-06-03 00:00:00+00:00,186.0,98.0,0.0,0.0,0.0043
2021-06-04 00:00:00+00:00,178.0,80.0,20.0,0.0098,0.0038
2021-06-05 00:00:00+00:00,136.0,25.0,0.0,0.0,0.0014
2021-06-06 00:00:00+00:00,154.0,155.0,0.0,0.0,0.0052
2021-06-07 00:00:00+00:00,172.0,155.0,0.0,0.0,0.0052
2021-06-08 00:00:00+00:00,182.0,151.0,0.0,0.0,0.0051
2021-06-09 00:00:00+00:00,179.0,144.0,0.0,0.0,0.0052
2021-06-10 00:00:00+00:00,177.0,152.0,0.0,0.0,0.0051
2021-06-11 00:00:00+00:00,171.0,55.0,0.0,0.0,0.0031
2021-06-12 00:00:00+00:00,164.0,72.0,0.0,0.0,0.0041
2021-06-13 00:00:00+00:00,172.0,155.0,0.0,0.0,0.0053
2021-06-14 00:00:00+00:00,206.0,153.0,0.0,0.0,0.0056
2021-06-15 00:00:00+00:00,192.0,87.0,0.0,0.0,0.0042
2021-06-16 00:00:00+00:00,232.0,142.0,0.0,0.0,0.0055
2021-06-17 00:00:00+00:00,228.0,77.0,0.0,0.0,0.004
2021-06-18 00:00:00+00:00,222.0,79.0,32.0,0.0104,0.0041
2021-06-19 00:00:00+00:00,165.0,2.0,28.0,0.0326,0.0011
2021-06-20 00:00:00+00:00,183.0,74.0,13.0,0.002,0.0039
2021-06-21 00:00:00+00:00,149.0,0.0,85.0,0.0087,0.0009
2021-06-22 00:00:00+00:00,144.0,1.0,0.0,0.0,0.0014
2021-06-23 00:00:00+00:00,148.0,52.0,0.0,0.0,0.0031
2021-06-24 00:00:00+00:00,146.0,59.0,0.0,0.0,0.0031
2021-06-25 00:00:00+00:00,158.0,3.0,21.0,0.0013,0.0014
2021-06-26 00:00:00+00:00,173.0,21.0,20.0,0.0014,0.0022
2021-06-27 00:00:00+00:00,192.0,28.0,44.0,0.0477,0.0027
2021-06-28 00:00:00+00:00,184.0,31.0,9.0,0.0005,0.0017
2021-06-29 00:00:00+00:00,165.0,9.0,9.0,0.002,0.0018
2021-06-30 00:00:00+00:00,144.0,1.0,23.0,0.0011,0.0013
2021-07-01 00:00:00+00:00,145.0,0.0,0.0,0.0,0.0016
2021-07-02 00:00:00+00:00,170.0,71.0,0.0,0.0,0.0033
2021-07-03 00:00:00+00:00,185.0,16.0,11.0,0.0015,0.0023
2021-07-04 00:00:00+00:00,173.0,52.0,14.0,0.0024,0.0024
2021-07-05 00:00:00+00:00,169.0,31.0,25.0,0.0043,0.0026
2021-07-06 00:00:00+00:00,173.0,76.0,7.0,0.0015,0.0033
2021-07-07 00:00:00+00:00,172.0,73.0,0.0,0.0,0.0033
2021-07-08 00:00:00+00:00,175.0,122.0,0.0,0.0,0.0044
2021-07-09 00:00:00+00:00,160.0,66.0,0.0,0.0,0.0032
2021-07-10 00:00:00+00:00,167.0,13.0,13.0,0.0043,0.0018
2021-07-11 00:00:00+00:00,172.0,89.0,0.0,0.0,0.0038
2021-07-12 00:00:00+00:00,186.0,5.0,0.0,0.0,0.0016
2021-07-13 00:00:00+00:00,177.0,3.0,0.0,0.0,0.0018
2021-07-14 00:00:00+00:00,168.0,0.0,0.0,0.0,0.0008
2021-07-15 00:00:00+00:00,174.0,2.0,0.0,0.0,0.0016
2021-07-16 00:00:00+00:00,168.0,71.0,0.0,0.0,0.0034
2021-07-17 00:00:00+00:00,189.0,134.0,0.0,0.0,0.0049
2021-07-18 00:00:00+00:00,193.0,149.0,0.0,0.0,0.005
2021-07-19 00:00:00+00:00,192.0,134.0,0.0,0.0,0.0048
2021-07-20 00:00:00+00:00,186.0,126.0,0.0,0.0,0.0047
2021-07-21 00:00:00+00:00,199.0,140.0,0.0,0.0,0.0048
2021-07-22 00:00:00+00:00,186.0,137.0,0.0,0.0,0.0048
2021-07-23 00:00:00+00:00,184.0,131.0,0.0,0.0,0.0047
2021-07-24 00:00:00+00:00,185.0,2.0,12.0,0.0012,0.0015
2021-07-25 00:00:00+00:00,191.0,51.0,11.0,0.008,0.0031
2021-07-26 00:00:00+00:00,178.0,10.0,17.0,0.0142,0.0018
2021-07-27 00:00:00+00:00,173.0,18.0,22.0,0.0049,0.0018
2021-07-28 00:00:00+00:00,175.0,38.0,9.0,0.0011,0.0021
2021-07-29 00:00:00+00:00,171.0,107.0,12.0,0.002,0.0037
2021-07-30 00:00:00+00:00,169.0,35.0,8.0,0.0018,0.002
2021-07-31 00:00:00+00:00,170.0,68.0,18.0,0.0023,0.0027
2021-08-01 00:00:00+00:00,161.0,49.0,7.0,0.0015,0.0025
2021-08-02 00:00:00+00:00,152.0,97.0,0.0,0.0,0.0032
2021-08-03 00:00:00+00:00,153.0,135.0,0.0,0.0,0.0044
2021-08-04 00:00:00+00:00,156.0,58.0,0.0,0.0,0.0026
2021-08-05 00:00:00+00:00,184.0,74.0,6.0,0.0057,0.0032
2021-08-06 00:00:00+00:00,180.0,58.0,4.0,0.0013,0.0027
2021-08-07 00:00:00+00:00,168.0,45.0,34.0,0.0127,0.0023
2021-08-08 00:00:00+00:00,167.0,79.0,13.0,0.002,0.003
2021-08-09 00:00:00+00:00,169.0,62.0,3.0,0.0017,0.0026
2021-08-10 00:00:00+00:00,174.0,94.0,0.0,0.0,0.0033
2021-08-11 00:00:00+00:00,175.0,94.0,0.0,0.0,0.0035
2021-08-12 00:00:00+00:00,178.0,86.0,0.0,0.0,0.0032
2021-08-13 00:00:00+00:00,179.0,56.0,0.0,0.0,0.0031
2021-08-14 00:00:00+00:00,184.0,101.0,0.0,0.0,0.0038
2021-08-15 00:00:00+00:00,193.0,81.0,0.0,0.0,0.0036
2021-08-16 00:00:00+00:00,155.0,33.0,28.0,0.0035,0.0015
2021-08-17 00:00:00+00:00,148.0,2.0,88.0,0.0119,0.0008
2021-08-18 00:00:00+00:00,177.0,11.0,1.0,0.0001,0.0019
2021-08-19 00:00:00+00:00,171.0,21.0,0.0,0.0,0.0014
2021-08-20 00:00:00+00:00,178.0,48.0,0.0,0.0,0.0024
2021-08-21 00:00:00+00:00,190.0,28.0,11.0,0.0042,0.0026
2021-08-22 00:00:00+00:00,179.0,19.0,5.0,0.0017,0.0018
2021-08-23 00:00:00+00:00,184.0,76.0,0.0,0.0,0.0032
2021-08-24 00:00:00+00:00,179.0,130.0,0.0,0.0,0.0038
2021-08-25 00:00:00+00:00,173.0,110.0,0.0,0.0,0.0036
2021-08-26 00:00:00+00:00,164.0,9.0,0.0,0.0,0.0016
2021-08-27 00:00:00+00:00,166.0,107.0,14.0,0.0034,0.0032
2021-08-28 00:00:00+00:00,175.0,80.0,0.0,0.0,0.0029
2021-08-29 00:00:00+00:00,165.0,0.0,9.0,0.0008,0.0009
2021-08-30 00:00:00+00:00,176.0,23.0,0.0,0.0,0.002
2021-08-31 00:00:00+00:00,174.0,99.0,0.0,0.0,0.0034
2021-09-01 00:00:00+00:00,169.0,0.0,0.0,0.0,0.0012
2021-09-02 00:00:00+00:00,170.0,69.0,0.0,0.0,0.0028
2021-09-03 00:00:00+00:00,177.0,118.0,0.0,0.0,0.0031
2021-09-04 00:00:00+00:00,159.0,41.0,0.0,0.0,0.0016
2021-09-05 00:00:00+00:00,177.0,120.0,0.0,0.0,0.0031
2021-09-06 00:00:00+00:00,181.0,89.0,0.0,0.0,0.0027
2021-09-07 00:00:00+00:00,203.0,102.0,0.0,0.0,0.0032
2021-09-08 00:00:00+00:00,211.0,120.0,0.0,0.0,0.0033
2021-09-09 00:00:00+00:00,200.0,62.0,8.0,0.0066,0.0024
2021-09-10 00:00:00+00:00,195.0,38.0,0.0,0.0,0.0017
2021-09-11 00:00:00+00:00,177.0,2.0,4.0,0.0007,0.0011
2021-09-12 00:00:00+00:00,164.0,56.0,0.0,0.0,0.0023
2021-09-13 00:00:00+00:00,159.0,92.0,0.0,0.0,0.0025
2021-09-14 00:00:00+00:00,182.0,29.0,15.0,0.0014,0.0016
2021-09-15 00:00:00+00:00,163.0,12.0,0.0,0.0,0.0012
2021-09-16 00:00:00+00:00,170.0,108.0,0.0,0.0,0.0027
2021-09-17 00:00:00+00:00,166.0,61.0,0.0,0.0,0.0024
2021-09-18 00:00:00+00:00,177.0,65.0,0.0,0.0,0.0022
2021-09-19 00:00:00+00:00,165.0,54.0,0.0,0.0,0.0019
2021-09-20 00:00:00+00:00,141.0,72.0,0.0,0.0,0.0022
2021-09-21 00:00:00+00:00,136.0,107.0,0.0,0.0,0.0024
2021-09-22 00:00:00+00:00,143.0,93.0,0.0,0.0,0.0023
2021-09-23 00:00:00+00:00,162.0,76.0,0.0,0.0,0.0021
2021-09-24 00:00:00+00:00,178.0,79.0,0.0,0.0,0.0022
2021-09-25 00:00:00+00:00,170.0,37.0,0.0,0.0,0.0015
2021-09-26 00:00:00+00:00,184.0,48.0,0.0,0.0,0.0018
2021-09-27 00:00:00+00:00,158.0,28.0,16.0,0.0031,0.0011
2021-09-28 00:00:00+00:00,148.0,80.0,0.0,0.0,0.0022
2021-09-29 00:00:00+00:00,127.0,46.0,51.0,0.0099,0.0013
2021-09-30 00:00:00+00:00,124.0,15.0,0.0,0.0,0.0011
2021-10-01 00:00:00+00:00,138.0,3.0,36.0,0.0059,0.0006
2021-10-02 00:00:00+00:00,138.0,5.0,65.0,0.0098,0.0007
2021-10-03 00:00:00+00:00,132.0,13.0,120.0,0.0178,0.0007
2021-10-04 00:00:00+00:00,138.0,84.0,0.0,0.0,0.0018
2021-10-05 00:00:00+00:00,129.0,33.0,57.0,0.0119,0.0008
2021-10-06 00:00:00+00:00,131.0,27.0,57.0,0.0121,0.001
2021-10-07 00:00:00+00:00,128.0,80.0,0.0,0.0,0.0016
2021-10-08 00:00:00+00:00,119.0,100.0,0.0,0.0,0.0019
2021-10-09 00:00:00+00:00,123.0,100.0,0.0,0.0,0.0019
2021-10-10 00:00:00+00:00,118.0,48.0,5.0,0.001,0.0012
2021-10-11 00:00:00+00:00,121.0,48.0,0.0,0.0,0.0013
2021-10-12 00:00:00+00:00,123.0,20.0,19.0,0.0038,0.0007
2021-10-13 00:00:00+00:00,119.0,61.0,5.0,0.0004,0.0013
2021-10-14 00:00:00+00:00,135.0,29.0,0.0,0.0,0.001
2021-10-15 00:00:00+00:00,117.0,42.0,19.0,0.0021,0.0012
2021-10-16 00:00:00+00:00,107.0,50.0,0.0,0.0,0.0011
2021-10-17 00:00:00+00:00,117.0,0.0,0.0,0.0,0.0007
2021-10-18 00:00:00+00:00,125.0,43.0,10.0,0.0004,0.0011
2021-10-19 00:00:00+00:00,172.0,25.0,43.0,0.001,0.0008
2021-10-20 00:00:00+00:00,161.0,19.0,37.0,0.0156,0.0007
2021-10-21 00:00:00+00:00,100.0,22.0,74.0,0.0151,0.0005
2021-10-22 00:00:00+00:00,101.0,33.0,10.0,0.001,0.0008
2021-10-23 00:00:00+00:00,106.0,36.0,2.0,0.0001,0.0009
2021-10-24 00:00:00+00:00,98.0,92.0,0.0,0.0,0.0014
2021-10-25 00:00:00+00:00,113.0,5.0,36.0,0.002,0.0004
2021-10-26 00:00:00+00:00,125.0,40.0,2.0,0.0001,0.0009
2021-10-27 00:00:00+00:00,130.0,75.0,0.0,0.0,0.0012
2021-10-28 00:00:00+00:00,126.0,88.0,0.0,0.0,0.0014
2021-10-29 00:00:00+00:00,132.0,57.0,11.0,0.0009,0.0009
2021-10-30 00:00:00+00:00,123.0,0.0,85.0,0.0102,0.0002
2021-10-31 00:00:00+00:00,116.0,3.0,45.0,0.0058,0.0003
2021-11-01 00:00:00+00:00,95.0,41.0,11.0,0.0011,0.0007
2021-11-02 00:00:00+00:00,78.0,18.0,18.0,0.0018,0.0005
2021-11-03 00:00:00+00:00,64.0,53.0,17.0,0.0037,0.0009
2021-11-04 00:00:00+00:00,79.0,18.0,64.0,0.0113,0.0005
2021-11-05 00:00:00+00:00,82.0,37.0,15.0,0.0022,0.0006
2021-11-06 00:00:00+00:00,97.0,3.0,38.0,0.0019,0.0005
2021-11-07 00:00:00+00:00,105.0,41.0,9.0,0.0004,0.0006
2021-11-08 00:00:00+00:00,78.0,49.0,0.0,0.0,0.0007
2021-11-09 00:00:00+00:00,92.0,7.0,0.0,0.0,0.0004
2021-11-10 00:00:00+00:00,91.0,0.0,0.0,0.0,0.0002
2021-11-11 00:00:00+00:00,101.0,0.0,11.0,0.0002,0.0003
2021-11-12 00:00:00+00:00,92.0,55.0,5.0,0.0001,0.0007
2021-11-13 00:00:00+00:00,114.0,21.0,57.0,0.0063,0.0005
2021-11-14 00:00:00+00:00,102.0,20.0,0.0,0.0,0.0005
2021-11-15 00:00:00+00:00,76.0,0.0,0.0,0.0,0.0001
2021-11-16 00:00:00+00:00,61.0,0.0,0.0,0.0,0.0001
2021-11-17 00:00:00+00:00,85.0,45.0,8.0,0.0007,0.0006
2021-11-18 00:00:00+00:00,98.0,67.0,0.0,0.0,0.0007
2021-11-19 00:00:00+00:00,117.0,34.0,0.0,0.0,0.0005
2021-11-20 00:00:00+00:00,100.0,0.0,51.0,0.0014,0.0001
2021-11-21 00:00:00+00:00,89.0,40.0,41.0,0.0038,0.0006
2021-11-22 00:00:00+00:00,63.0,77.0,0.0,0.0,0.0008
2021-11-23 00:00:00+00:00,70.0,7.0,9.0,0.0003,0.0002
2021-11-24 00:00:00+00:00,74.0,0.0,0.0,0.0,0.0002
2021-11-25 00:00:00+00:00,70.0,10.0,49.0,0.0038,0.0003
2021-11-26 00:00:00+00:00,50.0,0.0,113.0,0.0243,0.0002
2021-11-27 00:00:00+00:00,33.0,12.0,65.0,0.0049,0.0002
2021-11-28 00:00:00+00:00,34.0,0.0,82.0,0.0127,0.0001
2021-11-29 00:00:00+00:00,46.0,47.0,25.0,0.0019,0.0005
2021-11-30 00:00:00+00:00,94.0,0.0,94.0,0.0068,0.0001
2021-12-01 00:00:00+00:00,84.0,2.0,66.0,0.0051,0.0003
2021-12-02 00:00:00+00:00,41.0,27.0,96.0,0.0144,0.0003
2021-12-03 00:00:00+00:00,40.0,0.0,34.0,0.0009,0.0002
2021-12-04 00:00:00+00:00,57.0,11.0,37.0,0.006,0.0001
2021-12-05 00:00:00+00:00,47.0,44.0,41.0,0.0035,0.0005
2021-12-06 00:00:00+00:00,36.0,23.0,60.0,0.0094,0.0003
2021-12-07 00:00:00+00:00,50.0,27.0,36.0,0.0036,0.0004
2021-12-08 00:00:00+00:00,54.0,56.0,3.0,0.0001,0.0005
2021-12-09 00:00:00+00:00,47.0,2.0,24.0,0.0012,0.0002
2021-12-10 00:00:00+00:00,34.0,0.0,199.0,0.0145,0.0001
2021-12-11 00:00:00+00:00,61.0,43.0,28.0,0.0022,0.0004
2021-12-12 00:00:00+00:00,95.0,8.0,74.0,0.0026,0.0002
2021-12-13 00:00:00+00:00,96.0,0.0,0.0,0.0,0.0002
2021-12-14 00:00:00+00:00,92.0,0.0,0.0,0.0,0.0002
2021-12-15 00:00:00+00:00,100.0,0.0,0.0,0.0,0.0002
2021-12-16 00:00:00+00:00,82.0,48.0,0.0,0.0,0.0005
2021-12-17 00:00:00+00:00,68.0,0.0,5.0,0.0001,0.0001
2021-12-18 00:00:00+00:00,63.0,0.0,0.0,0.0,0.0002
2021-12-19 00:00:00+00:00,68.0,0.0,32.0,0.0006,0.0001
2021-12-20 00:00:00+00:00,59.0,0.0,0.0,0.0,0.0002
2021-12-21 00:00:00+00:00,12.0,65.0,0.0,0.0,0.0004
2021-12-22 00:00:00+00:00,1.0,66.0,0.0,0.0,0.0004
2021-12-23 00:00:00+00:00,35.0,10.0,30.0,0.0012,0.0002
2021-12-24 00:00:00+00:00,81.0,13.0,0.0,0.0,0.0003
2021-12-25 00:00:00+00:00,21.0,2.0,68.0,0.0088,0.0001
2021-12-26 00:00:00+00:00,22.0,2.0,13.0,0.0003,0.0002
2021-12-27 00:00:00+00:00,82.0,0.0,41.0,0.0034,0.0002
2021-12-28 00:00:00+00:00,97.0,10.0,84.0,0.0075,0.0002
2021-12-29 00:00:00+00:00,100.0,0.0,27.0,0.0023,0.0001
2021-12-30 00:00:00+00:00,136.0,0.0,0.0,0.0,0.0003
2021-12-31 00:00:00+00:00,125.0,10.0,0.0,0.0,0.0003
2022-01-01 00:00:00+00:00,122.0,23.0,10.0,0.0013,0.0004
2022-01-02 00:00:00+00:00,117.0,18.0,47.0,0.0065,0.0003
2022-01-03 00:00:00+00:00,98.0,0.0,0.0,0.0,0.0002
2022-01-04 00:00:00+00:00,68.0,0.0,23.0,0.0023,0.0002
2022-01-05 00:00:00+00:00,53.0,14.0,11.0,0.0007,0.0003
2022-01-06 00:00:00+00:00,47.0,49.0,15.0,0.0013,0.0005
2022-01-07 00:00:00+00:00,45.0,29.0,21.0,0.0023,0.0003
2022-01-08 00:00:00+00:00,47.0,0.0,131.0,0.0145,0.0001
2022-01-09 00:00:00+00:00,51.0,54.0,0.0,0.0,0.0005
2022-01-10 00:00:00+00:00,26.0,8.0,0.0,0.0,0.0003
2022-01-11 00:00:00+00:00,33.0,58.0,24.0,0.0009,0.0006
2022-01-12 00:00:00+00:00,41.0,2.0,15.0,0.0004,0.0003
2022-01-13 00:00:00+00:00,38.0,0.0,0.0,0.0,0.0002
2022-01-14 00:00:00+00:00,41.0,21.0,0.0,0.0,0.0003
2022-01-15 00:00:00+00:00,27.0,18.0,0.0,0.0,0.0003
2022-01-16 00:00:00+00:00,52.0,8.0,6.0,0.0004,0.0002
2022-01-17 00:00:00+00:00,52.0,63.0,0.0,0.0,0.0006
2022-01-18 00:00:00+00:00,27.0,31.0,0.0,0.0,0.0004
2022-01-19 00:00:00+00:00,54.0,3.0,20.0,0.0016,0.0002
2022-01-20 00:00:00+00:00,48.0,42.0,12.0,0.0011,0.0005
2022-01-21 00:00:00+00:00,46.0,25.0,9.0,0.0005,0.0004
2022-01-22 00:00:00+00:00,56.0,0.0,0.0,0.0,0.0002
2022-01-23 00:00:00+00:00,55.0,0.0,0.0,0.0,0.0001
2022-01-24 00:00:00+00:00,36.0,0.0,0.0,0.0,0.0003
2022-01-25 00:00:00+00:00,26.0,0.0,0.0,0.0,0.0002
2022-01-26 00:00:00+00:00,41.0,0.0,0.0,0.0,0.0002
2022-01-27 00:00:00+00:00,69.0,12.0,12.0,0.0008,0.0003
2022-01-28 00:00:00+00:00,60.0,72.0,0.0,0.0,0.0007
2022-01-29 00:00:00+00:00,92.0,43.0,5.0,0.0001,0.0007
2022-01-30 00:00:00+00:00,59.0,57.0,0.0,0.0,0.0007
2022-01-31 00:00:00+00:00,60.0,0.0,26.0,0.0034,0.0003
2022-02-01 00:00:00+00:00,77.0,25.0,52.0,0.0018,0.0004
2022-02-02 00:00:00+00:00,87.0,2.0,35.0,0.0014,0.0003
2022-02-03 00:00:00+00:00,76.0,2.0,14.0,0.0005,0.0003
2022-02-04 00:00:00+00:00,68.0,7.0,27.0,0.0033,0.0003
2022-02-05 00:00:00+00:00,63.0,66.0,12.0,0.0011,0.0009
2022-02-06 00:00:00+00:00,80.0,15.0,129.0,0.0207,0.0003
2022-02-07 00:00:00+00:00,62.0,75.0,0.0,0.0,0.0011
2022-02-08 00:00:00+00:00,99.0,29.0,0.0,0.0,0.0006
2022-02-09 00:00:00+00:00,89.0,11.0,36.0,0.0016,0.0004
2022-02-10 00:00:00+00:00,67.0,16.0,28.0,0.0024,0.0005
2022-02-11 00:00:00+00:00,45.0,58.0,0.0,0.0,0.0008
2022-02-12 00:00:00+00:00,38.0,83.0,0.0,0.0,0.001
2022-02-13 00:00:00+00:00,69.0,40.0,0.0,0.0,0.0008
2022-02-14 00:00:00+00:00,87.0,58.0,22.0,0.0034,0.0008
2022-02-15 00:00:00+00:00,75.0,42.0,100.0,0.0089,0.0008
2022-02-16 00:00:00+00:00,115.0,13.0,71.0,0.0056,0.0007
2022-02-17 00:00:00+00:00,91.0,75.0,0.0,0.0,0.0011
2022-02-18 00:00:00+00:00,87.0,17.0,22.0,0.0025,0.0005
2022-02-19 00:00:00+00:00,63.0,44.0,52.0,0.0171,0.0008
2022-02-20 00:00:00+00:00,86.0,0.0,147.0,0.0256,0.0002
2022-02-21 00:00:00+00:00,69.0,39.0,28.0,0.0017,0.0006
2022-02-22 00:00:00+00:00,75.0,9.0,19.0,0.0011,0.0004
2022-02-23 00:00:00+00:00,73.0,75.0,0.0,0.0,0.0013
2022-02-24 00:00:00+00:00,66.0,41.0,32.0,0.0047,0.0008
2022-02-25 00:00:00+00:00,50.0,55.0,0.0,0.0,0.0009
2022-02-26 00:00:00+00:00,42.0,89.0,0.0,0.0,0.0014
2022-02-27 00:00:00+00:00,53.0,99.0,0.0,0.0,0.0016
2022-02-28 00:00:00+00:00,57.0,99.0,0.0,0.0,0.0016
2022-03-01 00:00:00+00:00,63.0,0.0,20.0,0.0009,0.0005
2022-03-02 00:00:00+00:00,66.0,72.0,0.0,0.0,0.0012
2022-03-03 00:00:00+00:00,60.0,101.0,0.0,0.0,0.0017
2022-03-04 00:00:00+00:00,59.0,100.0,0.0,0.0,0.0017
2022-03-05 00:00:00+00:00,39.0,102.0,0.0,0.0,0.0016
2022-03-06 00:00:00+00:00,40.0,97.0,0.0,0.0,0.0016
2022-03-07 00:00:00+00:00,36.0,102.0,0.0,0.0,0.0017
2022-03-08 00:00:00+00:00,47.0,105.0,0.0,0.0,0.0018
2022-03-09 00:00:00+00:00,79.0,103.0,0.0,0.0,0.0019
2022-03-10 00:00:00+00:00,94.0,103.0,0.0,0.0,0.002
2022-03-11 00:00:00+00:00,109.0,86.0,0.0,0.0,0.0019
2022-03-12 00:00:00+00:00,108.0,25.0,9.0,0.0005,0.0013
2022-03-13 00:00:00+00:00,119.0,74.0,3.0,0.0002,0.002
2022-03-14 00:00:00+00:00,92.0,55.0,4.0,0.0001,0.0015
2022-03-15 00:00:00+00:00,86.0,28.0,0.0,0.0,0.0012
2022-03-16 00:00:00+00:00,96.0,11.0,6.0,0.0001,0.001
2022-03-17 00:00:00+00:00,77.0,90.0,3.0,0.0002,0.0021
2022-03-18 00:00:00+00:00,85.0,110.0,0.0,0.0,0.0023
2022-03-19 00:00:00+00:00,95.0,110.0,0.0,0.0,0.0024
2022-03-20 00:00:00+00:00,51.0,38.0,0.0,0.0,0.001
2022-03-21 00:00:00+00:00,91.0,107.0,0.0,0.0,0.0022
2022-03-22 00:00:00+00:00,117.0,112.0,0.0,0.0,0.0024
2022-03-23 00:00:00+00:00,102.0,113.0,0.0,0.0,0.0024
2022-03-24 00:00:00+00:00,97.0,113.0,0.0,0.0,0.0025
2022-03-25 00:00:00+00:00,96.0,115.0,0.0,0.0,0.0025
2022-03-26 00:00:00+00:00,109.0,115.0,0.0,0.0,0.0026
2022-03-27 00:00:00+00:00,99.0,64.0,0.0,0.0,0.0019
2022-03-28 00:00:00+00:00,90.0,104.0,0.0,0.0,0.0023
2022-03-29 00:00:00+00:00,90.0,16.0,0.0,0.0,0.0014
2022-03-30 00:00:00+00:00,84.0,53.0,3.0,0.0001,0.0018
2022-03-31 00:00:00+00:00,35.0,32.0,74.0,0.0046,0.0012
2022-04-01 00:00:00+00:00,30.0,18.0,53.0,0.0025,0.0009
2022-04-02 00:00:00+00:00,46.0,81.0,0.0,0.0,0.0021
2022-04-03 00:00:00+00:00,43.0,92.0,0.0,0.0,0.002
2022-04-04 00:00:00+00:00,74.0,0.0,64.0,0.0059,0.0004
2022-04-05 00:00:00+00:00,105.0,3.0,17.0,0.0008,0.0012
2022-04-06 00:00:00+00:00,98.0,0.0,45.0,0.0064,0.0005
2022-04-07 00:00:00+00:00,89.0,37.0,46.0,0.0117,0.0015
2022-04-08 00:00:00+00:00,61.0,17.0,0.0,0.0,0.0012
2022-04-09 00:00:00+00:00,64.0,112.0,4.0,0.0005,0.0026
2022-04-10 00:00:00+00:00,76.0,111.0,0.0,0.0,0.0026
2022-04-11 00:00:00+00:00,109.0,122.0,0.0,0.0,0.0028
2022-04-12 00:00:00+00:00,143.0,115.0,0.0,0.0,0.003
2022-04-13 00:00:00+00:00,125.0,13.0,0.0,0.0,0.0015
2022-04-14 00:00:00+00:00,114.0,111.0,0.0,0.0,0.0029
2022-04-15 00:00:00+00:00,96.0,75.0,0.0,0.0,0.0025
2022-04-16 00:00:00+00:00,117.0,132.0,0.0,0.0,0.0036
2022-04-17 00:00:00+00:00,127.0,130.0,0.0,0.0,0.0038
2022-04-18 00:00:00+00:00,128.0,125.0,0.0,0.0,0.0035
2022-04-19 00:00:00+00:00,130.0,98.0,0.0,0.0,0.0027
2022-04-20 00:00:00+00:00,130.0,113.0,0.0,0.0,0.0033
2022-04-21 00:00:00+00:00,134.0,122.0,0.0,0.0,0.0037
2022-04-22 00:00:00+00:00,,,,,
2022-04-23 00:00:00+00:00,,,,,
2022-04-24 00:00:00+00:00,,,,,
2022-04-25 00:00:00+00:00,,,,,
2022-04-26 00:00:00+00:00,95.0,108.0,0.0,0.0,0.0035
2022-04-27 00:00:00+00:00,90.0,129.0,0.0,0.0,0.0037
2022-04-28 00:00:00+00:00,104.0,106.0,0.0,0.0,0.0034
2022-04-29 00:00:00+00:00,99.0,66.0,0.0,0.0,0.0027
2022-04-30 00:00:00+00:00,87.0,73.0,0.0,0.0,0.0024
2022-05-01 00:00:00+00:00,91.0,77.0,0.0,0.0,0.0027
2022-05-02 00:00:00+00:00,117.0,137.0,0.0,0.0,0.0038
2022-05-03 00:00:00+00:00,108.0,96.0,0.0,0.0,0.0032
2022-05-04 00:00:00+00:00,105.0,72.0,0.0,0.0,0.0026
2022-05-05 00:00:00+00:00,126.0,73.0,0.0,0.0,0.0032
2022-05-06 00:00:00+00:00,146.0,117.0,0.0,0.0,0.0041
2022-05-07 00:00:00+00:00,138.0,90.0,0.0,0.0,0.0035
2022-05-08 00:00:00+00:00,126.0,122.0,0.0,0.0,0.0042
2022-05-09 00:00:00+00:00,151.0,121.0,0.0,0.0,0.0042
2022-05-10 00:00:00+00:00,173.0,23.0,0.0,0.0,0.0026
2022-05-11 00:00:00+00:00,158.0,90.0,7.0,0.0014,0.0039
2022-05-12 00:00:00+00:00,142.0,134.0,0.0,0.0,0.0042
2022-05-13 00:00:00+00:00,143.0,123.0,0.0,0.0,0.004
2022-05-14 00:00:00+00:00,145.0,133.0,0.0,0.0,0.0042
2022-05-15 00:00:00+00:00,196.0,141.0,0.0,0.0,0.0049
2022-05-16 00:00:00+00:00,186.0,82.0,5.0,0.0016,0.0036
2022-05-17 00:00:00+00:00,190.0,99.0,3.0,0.0001,0.0044
2022-05-18 00:00:00+00:00,187.0,112.0,3.0,0.0003,0.0044
2022-05-19 00:00:00+00:00,173.0,67.0,27.0,0.0135,0.0027
2022-05-20 00:00:00+00:00,136.0,43.0,29.0,0.012,0.0015
2022-05-21 00:00:00+00:00,138.0,102.0,0.0,0.0,0.0036
2022-05-22 00:00:00+00:00,162.0,113.0,0.0,0.0,0.0043
2022-05-23 00:00:00+00:00,151.0,5.0,38.0,0.0066,0.0011
2022-05-24 00:00:00+00:00,131.0,78.0,15.0,0.0014,0.003
2022-05-25 00:00:00+00:00,139.0,66.0,0.0,0.0,0.0027
2022-05-26 00:00:00+00:00,159.0,113.0,0.0,0.0,0.0042
2022-05-27 00:00:00+00:00,140.0,118.0,13.0,0.0005,0.0044
2022-05-28 00:00:00+00:00,124.0,142.0,4.0,0.0007,0.0039
2022-05-29 00:00:00+00:00,109.0,61.0,14.0,0.0008,0.0028
2022-05-30 00:00:00+00:00,112.0,43.0,8.0,0.0006,0.0023
2022-05-31 00:00:00+00:00,135.0,51.0,8.0,0.0012,0.0029
2022-06-01 00:00:00+00:00,122.0,120.0,0.0,0.0,0.0039
2022-06-02 00:00:00+00:00,142.0,148.0,0.0,0.0,0.0047
2022-06-03 00:00:00+00:00,182.0,106.0,0.0,0.0,0.0044
2022-06-04 00:00:00+00:00,176.0,87.0,1.0,0.0012,0.0041
2022-06-05 00:00:00+00:00,157.0,2.0,69.0,0.0103,0.0013
2022-06-06 00:00:00+00:00,138.0,45.0,82.0,0.0107,0.0016
2022-06-07 00:00:00+00:00,157.0,54.0,6.0,0.0008,0.0034
2022-06-08 00:00:00+00:00,155.0,32.0,59.0,0.0092,0.0015
2022-06-09 00:00:00+00:00,164.0,116.0,0.0,0.0,0.0046
2022-06-10 00:00:00+00:00,178.0,50.0,0.0,0.0,0.0027
2022-06-11 00:00:00+00:00,171.0,143.0,0.0,0.0,0.0052
2022-06-12 00:00:00+00:00,162.0,150.0,0.0,0.0,0.0051
2022-06-13 00:00:00+00:00,145.0,143.0,0.0,0.0,0.0049
2022-06-14 00:00:00+00:00,156.0,149.0,0.0,0.0,0.005
2022-06-15 00:00:00+00:00,185.0,149.0,0.0,0.0,0.0054
2022-06-16 00:00:00+00:00,190.0,139.0,0.0,0.0,0.005
